cohort,rel_time,att,se,ci_low,ci_high
2016-07-01,-18,-61.918679573603974,6.9864961245695785,-75.61221197776035,-48.2251471694476
2016-07-01,-17,-57.185628206847184,6.5432743480868885,-70.01044592909749,-44.36081048459688
2016-07-01,-16,-46.56217264320409,5.686479097940948,-57.70767167516835,-35.41667361123984
2016-07-01,-15,-36.462931652250965,4.520978104074925,-45.32404873623782,-27.60181456826411
2016-07-01,-14,-25.908757416795652,3.702574347753531,-33.165803138392576,-18.65171169519873
2016-07-01,-13,-16.00765468692506,3.3718692057963437,-22.616518330285896,-9.398791043564227
2016-07-01,-12,-11.74331164504326,3.2918408711756966,-18.195319752547626,-5.291303537538894
2016-07-01,-11,-6.914687828633863,2.9560883191456546,-12.708620934159345,-1.12075472310838
2016-07-01,-10,-18.706264032869313,3.1860603345185114,-24.950942288525596,-12.461585777213031
2016-07-01,-9,-26.911774886533,3.4888745315056746,-33.74996896828412,-20.073580804781876
2016-07-01,-8,-38.69890438007021,4.513543823967213,-47.54545027504595,-29.852358485094474
2016-07-01,-7,-40.25051882480902,4.64785895890035,-49.360322384253706,-31.140715265364335
2016-07-01,-6,-40.000758646943325,4.272931274167295,-48.375703944311226,-31.625813349575427
2016-07-01,-5,-34.69152695186019,3.876725602113049,-42.28990913200177,-27.093144771718613
2016-07-01,-4,-25.549070189573712,3.359408945977879,-32.133511723690354,-18.96462865545707
2016-07-01,-3,-15.326737737492897,2.456676451692535,-20.141823582810265,-10.511651892175529
2016-07-01,-2,-6.9449300265063405,2.0468293988778146,-10.956715648306858,-2.933144404705824
2016-07-01,0,5.878169091740744,1.1755814870819814,3.57402937706006,8.182308806421428
2016-07-01,1,8.626488098543653,1.9541884911526497,4.796278655884461,12.456697541202846
2016-07-01,2,0.3796199572717729,2.445823119542374,-4.41419335703128,5.173433271574826
2016-07-01,3,-10.263407053945606,2.403809716361395,-14.97487409801394,-5.551940009877272
2016-07-01,4,-29.23579074961068,3.8916881253542606,-36.863499475305034,-21.608082023916328
2016-07-01,5,-31.04245263339498,4.787711825213954,-40.42636781081433,-21.65853745597563
2016-07-01,6,-29.651783559364866,5.376308049619757,-40.18934733661959,-19.11421978211014
2016-07-01,7,-12.409691285475004,5.298776519430876,-22.795293263559522,-2.0240893073904864
2016-07-01,8,-2.513599387323616,3.6699282250526193,-9.70665870842675,4.679459933779517
2016-07-01,9,8.844307720554717,3.4413598192122747,2.0992424748986585,15.589372966210775
2016-07-01,10,12.381255602286025,3.127155336460188,6.252031142824057,18.51048006174799
2016-07-01,11,12.728042174026669,3.2752535644506042,6.308545187703484,19.147539160349854
2016-07-01,12,13.957383152834211,3.100729291162591,7.879953742155532,20.03481256351289
2016-07-01,13,12.063421192324071,3.1769939469385733,5.836513056324468,18.290329328323676
2016-07-01,14,1.7277678606926514,3.9237517392870878,-5.96278554831004,9.418321269695344
2016-07-01,15,-13.588427801157794,4.129918138411226,-21.683067352443796,-5.493788249871791
2016-07-01,16,-25.019093392508918,4.71365256999844,-34.25785242970586,-15.780334355311975
2016-07-01,17,-16.696391046981056,3.368025015493504,-23.297720077348323,-10.095062016613788
2016-07-01,18,-8.401885107050754,3.359801156492645,-14.987095373776338,-1.8166748403251702
2016-07-01,19,2.5162966402921505,3.8956689596997838,-5.119214520719425,10.151807801303725
2016-07-01,20,-0.8710879222357732,4.634602427607952,-9.954908680347359,8.212732835875812
2016-07-01,21,2.812264040163555,5.082940990486599,-7.15030030119018,12.77482838151729
2016-07-01,22,2.9342888660131408,4.675575103526879,-6.229838336899542,12.098416068925824
2016-07-01,23,8.821024971946485,4.424665115301874,0.14868134595481308,17.493368597938158
2016-07-01,24,10.955967770075205,4.468470170419063,2.197766236053841,19.71416930409657
2016-07-01,25,9.589487383659701,5.119434475510741,-0.4446041883413514,19.623578955660754
2016-07-01,26,-0.07684807656294623,4.969160494828689,-9.816402646427177,9.662706493301284
2016-07-01,27,-6.610625187387242,4.86529629084216,-16.146605917437874,2.9253555426633913
2016-07-01,28,-18.25299241872972,5.285405530195527,-28.61238725791295,-7.893597579546485
2016-07-01,29,-14.578192255873486,4.965514952948643,-24.310601563652824,-4.845782948094145
2016-07-01,30,-8.313703141980625,5.558719214987256,-19.20879280335565,2.581386519394398
2016-07-01,31,3.1625369392699128,5.502651599016964,-7.622660194803338,13.947734073343163
2016-07-01,32,6.747868350053125,5.672656284775583,-4.370537968107017,17.866274668213265
2016-07-01,33,9.640530726121014,4.9579005197191925,-0.07695429252860286,19.358015744770633
2016-07-01,34,16.323054314698624,5.165531473949137,6.198612625758315,26.447496003638932
2016-07-01,35,22.36456548976318,5.503386396180813,11.577928153248786,33.151202826277576
2016-07-01,36,21.625249114170842,5.945481688312,9.972105005079321,33.27839322326236
2016-07-01,37,22.74930195744402,6.052392208596037,10.886613228595786,34.61199068629225
2016-07-01,38,20.262933103768873,6.109319588313091,8.288666710675216,32.23719949686253
2016-07-01,39,15.610399745827479,6.302414772709249,3.2576667913173516,27.963132700337606
2016-07-01,40,5.894035411687398,6.410473182723013,-6.670492026449708,18.458562849824503
2016-07-01,41,-1.6763116102262217,6.647259993633331,-14.70494119774755,11.352317977295106
2016-07-01,42,-5.223569987422465,6.260586058708561,-17.494318662491246,7.047178687646314
2016-07-01,43,0.11741076359167835,6.792516259861804,-13.195921105737458,13.430742632920815
2016-07-01,44,8.616801633596921,6.6277695164078905,-4.373626618562543,21.607229885756386
2016-07-01,45,17.46018591465011,7.2650043173962,3.220777452553559,31.699594376746663
2016-07-01,46,9.47588836249939,7.410697224653787,-5.049078197822032,24.000854922820814
2016-07-01,47,-2.2199026125788492,7.777225562554008,-17.463264715184707,13.023459490027006
2016-07-01,48,-15.46486452006043,7.907866453415938,-30.96428276875567,0.03455372863480832
2016-07-01,49,-27.043317079142525,8.151166298820103,-43.01960302482993,-11.067031133455124
2016-07-01,50,-50.186848639229865,8.765781168721983,-67.36777972992495,-33.00591754853478
2016-07-01,51,-83.4174434627212,10.261926540813786,-103.53081948271621,-63.30406744272618
2016-07-01,52,-116.90816807035233,12.45676283031083,-141.32342321776156,-92.4929129229431
2016-07-01,53,-135.7954635205049,13.855206885867885,-162.95166901680597,-108.63925802420385
2016-07-01,54,-133.49422695778225,14.689011863573029,-162.28469021038538,-104.70376370517911
2016-07-01,55,-119.15544019680567,14.310915657634295,-147.2048348857689,-91.10604550784245
2016-07-01,56,-97.56692564399438,13.836771315197085,-124.68699742178066,-70.4468538662081
2016-07-01,57,-72.97311916483201,12.225687299391149,-96.93546627163866,-49.01077205802537
2016-07-01,58,-43.95098518261341,10.317259083372063,-64.17281298602265,-23.729157379204164
2016-07-01,59,-19.210238988143317,8.727302408029342,-36.31575170788082,-2.104726268405809
2016-07-01,60,-3.6659355545249355,8.159293321892795,-19.658150465434815,12.326279356384942
2016-07-01,61,2.5525993418898736,8.339443444548056,-13.792709809424316,18.897908493204064
2016-07-01,62,2.870295288488819,8.380641567635438,-13.555762184076638,19.296352761054276
2016-07-01,63,-7.615051221569416,8.652135982548032,-24.573237747363557,9.343135304224724
2016-07-01,64,-19.121403047750448,8.770473811091204,-36.3115317174892,-1.9312743780116897
2016-07-01,65,-26.428932810097564,9.311894259552412,-44.68024555882029,-8.177620061374835
2016-07-01,66,-20.092962633189273,8.946053920681496,-37.627228317725006,-2.558696948653541
2016-07-01,67,-12.79997362301603,8.962249730867734,-30.36598309551679,4.76603584948473
2016-07-01,68,1.097634980562276,8.987467877602027,-16.517802059537697,18.71307202066225
2016-07-01,69,14.558088845766093,9.594662336338834,-4.247449333458022,33.36362702499021
2016-07-01,70,32.588778409686654,9.676165467666168,13.623494093060966,51.55406272631234
2016-07-01,71,47.67488945548263,10.072697667159808,27.932402027849406,67.41737688311585
2016-07-01,72,58.85776729647432,9.994414859165282,39.26871417251037,78.44682042043827
2016-07-01,73,57.64821668765154,9.99836613410094,38.0514190648137,77.24501431048938
2016-07-01,74,49.7733438282973,9.535692482925079,31.083386561764147,68.46330109483046
2016-07-01,75,40.28400315078886,10.000588290500819,20.682850101407258,59.88515620017047
2016-07-01,76,30.13629916943586,9.426582738501052,11.660197001973795,48.61240133689792
2016-07-01,77,21.48473284686088,10.208470565181443,1.4761305391052524,41.4933351546165
2016-07-01,78,23.86804409144986,10.286425323461843,3.7066504574646473,44.02943772543507
2016-07-01,79,30.539239172412408,10.712051780365845,9.543617682895352,51.534860661929464
2016-07-01,80,44.72003132699501,10.453484279047006,24.231202140062884,65.20886051392714
2016-07-01,81,50.95900827121983,10.347028091197247,30.678833212473226,71.23918332996644
2016-07-01,82,66.78349925951875,11.012934338625922,45.19814795581195,88.36885056322555
2016-07-01,83,83.8363885188001,11.973202054888768,60.368912491218126,107.30386454638209
2016-07-01,84,94.89634515554127,12.498941178879907,70.39842044493665,119.39426986614589
2016-07-01,85,93.73138148584871,12.557991989888343,69.11771718566756,118.34504578602987
2016-07-01,86,75.83623009070078,12.612860044618646,51.115024403248235,100.55743577815332
2016-07-01,87,49.53562412011263,12.690033861053093,24.663157752448566,74.40809048777669
2016-07-01,88,27.499871907608508,13.689168671685819,0.6691013111043027,54.33064250411272
2016-07-01,89,11.291907804239202,13.677697651809295,-15.516379593307015,38.10019520178542
2016-07-01,90,19.28277557936792,14.152347562960397,-8.455825644034455,47.0213768027703
2016-07-01,91,33.29447220541539,14.140947362471575,5.578215374971101,61.010729035859676
2016-07-01,92,48.4086532787403,14.394706355932929,20.195028821111762,76.62227773636884
2016-07-01,93,61.180942448667224,14.516926766053224,32.7277659872029,89.63411891013155
2016-07-01,94,75.24965458658801,14.639512973867733,46.55620915780725,103.94310001536877
2016-07-01,95,87.81490157203228,15.226335518936407,57.97128395491693,117.65851918914764
2016-07-01,96,89.46103351346972,15.205761092441445,59.65774177228448,119.26432525465495
2016-07-01,97,79.82841872275071,15.421400021423038,49.60247468076156,110.05436276473986
2016-07-01,98,68.61437268153583,15.230867247276503,38.76187287687388,98.46687248619777
2016-07-01,99,48.38500408553847,14.891798346633866,19.19707932613609,77.57292884494085
2016-07-01,100,36.43793968977565,15.525359855699817,6.008234372604008,66.86764500694728
2016-07-01,101,31.419426597409426,16.190955703531287,-0.3148465815118975,63.153699776330754
2016-07-01,102,35.075569319474255,15.992136371269938,3.730982031785178,66.42015660716334
2016-07-01,103,48.94176482133764,15.741115417825707,18.089178602399258,79.79435104027603
2016-07-01,104,57.368225496591435,15.9162609166798,26.172354099899028,88.56409689328385
2016-07-01,105,81.22102088261511,17.309633763531508,47.29413870609335,115.14790305913687
2016-07-01,106,97.66214697256362,17.899528939510812,62.579070251122424,132.7452236940048
2016-07-01,107,115.12295297568062,18.453030167267734,78.95501384783586,151.29089210352538
2016-07-01,108,118.51257373170063,18.222580461940648,82.79631602629695,154.2288314371043
2016-07-01,109,114.72272475819273,18.139967919354348,79.1683876362582,150.27706188012723
2016-08-01,-19,-33.61282865852484,7.193432410581872,-47.71195618326531,-19.513701133784373
2016-08-01,-18,-30.676566024335912,6.598897508001351,-43.61040514001856,-17.742726908653264
2016-08-01,-17,-27.791023189933384,5.858661036203123,-39.27399882089151,-16.30804755897526
2016-08-01,-16,-22.367225490482156,4.785429125856288,-31.74666657716048,-12.987784403803833
2016-08-01,-15,-19.27781734871361,3.9968353147921882,-27.1116145657063,-11.444020131720922
2016-08-01,-14,-13.29275053915795,3.4974894551374396,-20.14782987122733,-6.437671207088568
2016-08-01,-13,-11.423702385486973,3.315093295681024,-17.921285245021778,-4.926119525952165
2016-08-01,-12,-8.168206401480678,3.263671748498198,-14.565003028537145,-1.7714097744242094
2016-08-01,-11,-11.234422681190168,3.65913119356623,-18.40631982057998,-4.0625255418003565
2016-08-01,-10,-15.458710078262492,4.087739370440251,-23.47067924432538,-7.4467409121995995
2016-08-01,-9,-18.855333749085183,4.721345561855214,-28.1091710503214,-9.601496447848964
2016-08-01,-8,-20.733936551649286,4.771532849331976,-30.08614093633996,-11.381732166958614
2016-08-01,-7,-18.964188656201276,4.322026183359017,-27.43535997558495,-10.493017336817603
2016-08-01,-6,-18.966243727184402,3.7160941606412528,-26.24978828204126,-11.682699172327546
2016-08-01,-5,-12.593675427388987,3.1636769159721916,-18.794482182694484,-6.392868672083492
2016-08-01,-4,-7.171751289878772,2.4828071817940986,-12.038053366195205,-2.305449213562339
2016-08-01,-3,-2.196808453227023,2.1728097568700946,-6.455515576692409,2.061898670238363
2016-08-01,-2,-1.1001785559269113,0.9600537349578514,-2.9818838764443,0.7815267645904775
2016-08-01,0,-0.022822558261722747,1.087729900190572,-2.154773162635244,2.1091280461117985
2016-08-01,1,-3.155185285539763,1.6318270101935388,-6.353566225519099,0.04319565443957307
2016-08-01,2,-4.719866822403128,2.4770069447559946,-9.574800434124878,0.13506678931862126
2016-08-01,3,-11.871811889687983,3.7105433028996138,-19.144476763371227,-4.59914701600474
2016-08-01,4,-13.283218443212725,4.754634040599144,-22.602301162787047,-3.964135723638403
2016-08-01,5,-15.702472571875218,4.725378645637007,-24.96421471732375,-6.4407304264266845
2016-08-01,6,-7.7783600461495945,3.7144824337434006,-15.05874561628666,-0.4979744760125291
2016-08-01,7,-3.2222597596508695,2.357436459816153,-7.842835220890529,1.39831570158879
2016-08-01,8,2.231375205130327,2.3776616871177456,-2.4288417016204544,6.891592111881108
2016-08-01,9,3.0846741261406443,2.451005846062075,-1.7192973321410223,7.888645584422311
2016-08-01,10,4.613575406874276,2.8523933694627526,-0.9771155972727197,10.20426641102127
2016-08-01,11,6.512486516576232,2.9209623780921268,0.7874002555156636,12.2375727776368
2016-08-01,12,5.661915308344934,2.6891639917861427,0.39115388444409405,10.932676732245774
2016-08-01,13,1.0649317344149836,2.8445498896261805,-4.51038604925233,6.640249518082297
2016-08-01,14,-3.8932607115737987,3.4038819184825466,-10.56486927179959,2.7783478486519924
2016-08-01,15,-6.6903142327594125,4.434922023779236,-15.382761399366714,2.0021329338478893
2016-08-01,16,-5.271647102919453,4.116922698007852,-13.340815591014842,2.797521385175936
2016-08-01,17,-2.276054148585608,3.9041478703867516,-9.928183974543641,5.376075677372425
2016-08-01,18,-0.3515668047814273,3.749879170725935,-7.70132997940426,6.998196369841406
2016-08-01,19,-1.4826939985581973,3.9982509723363284,-9.319265904337401,6.3538779072210065
2016-08-01,20,-1.0402388570437324,4.274327985146754,-9.41792170793137,7.337443993843905
2016-08-01,21,0.9106206278354065,4.22624730615229,-7.372824092223082,9.194065347893895
2016-08-01,22,4.778841240044784,4.349626745388332,-3.7464271809163474,13.304109661005915
2016-08-01,23,7.149322878053809,4.478451789390635,-1.6284426291518361,15.927088385259454
2016-08-01,24,6.635355192530014,4.457942653606223,-2.1022124085381844,15.372922793598212
2016-08-01,25,2.5992483352501807,4.333794833329684,-5.894989538075999,11.09348620857636
2016-08-01,26,-2.7132593215633207,4.264815879958326,-11.07229844628164,5.645779803154998
2016-08-01,27,-9.217570753881475,4.679449948139354,-18.38929265223461,-0.04584885552834095
2016-08-01,28,-7.043120504995116,4.527885149734738,-15.917775398475202,1.83153438848497
2016-08-01,29,-3.682333427046892,4.918730071770891,-13.323044367717838,5.958377513624054
2016-08-01,30,2.6971116779225284,4.998252957711422,-7.099464119191859,12.493687475036916
2016-08-01,31,2.6134552189661093,5.104010084278826,-7.39040454622039,12.617314984152609
2016-08-01,32,3.9515448299799374,4.955915117035586,-5.762048799409811,13.665138459369686
2016-08-01,33,5.4486514464865365,5.468718405375861,-5.27003662805015,16.167339521023223
2016-08-01,34,8.570491747492383,5.736250173590211,-2.67255859274443,19.813542087729196
2016-08-01,35,8.364082238516517,6.074960584107573,-3.5428405063343256,20.27100498336736
2016-08-01,36,9.451548028668796,5.8835857433979,-2.080280028391087,20.98337608572868
2016-08-01,37,12.674296484238084,6.269261714340273,0.3865435241311488,24.96204944434502
2016-08-01,38,14.786614195009761,6.771858306786696,1.5137719137078367,28.059456476311688
2016-08-01,39,10.485855567247029,6.744833571792451,-2.7340182334661733,23.70572936796023
2016-08-01,40,4.246077071604802,6.721065120976373,-8.92721056550889,17.419364708718494
2016-08-01,41,0.9561034337155121,6.3775416861082554,-11.543878271056668,13.456085138487692
2016-08-01,42,5.5482164570883015,6.893530439919599,-7.963103205154111,19.059536119330716
2016-08-01,43,9.110290078531989,6.921866800391313,-4.456568850234984,22.67714900729896
2016-08-01,44,12.42387259395882,7.176679719754305,-1.6424196567596177,26.490164844677256
2016-08-01,45,8.678756247260324,7.040000824366329,-5.119645368497681,22.477157863018327
2016-08-01,46,2.782474385702173,7.19657023975307,-11.322803284213844,16.88775205561819
2016-08-01,47,-2.680110764592854,7.385865740248094,-17.156407615479118,11.79618608629341
2016-08-01,48,-5.934988647727337,7.4786395074382765,-20.59312208230636,8.723144786851684
2016-08-01,49,-12.432661960427737,8.085351141137593,-28.279950197057417,3.414626276201945
2016-08-01,50,-22.050699864634723,9.592347667017767,-40.85170129198954,-3.2496984372799
2016-08-01,51,-33.96111315384149,11.899750763558794,-57.284624650416724,-10.637601657266252
2016-08-01,52,-40.01876962864355,13.160220791789056,-65.8128023805501,-14.224736876736998
2016-08-01,53,-41.18120691302996,13.063265598914876,-66.78520748690312,-15.577206339156803
2016-08-01,54,-39.287760287612116,11.920220691423625,-62.65139284280242,-15.924127732421812
2016-08-01,55,-35.30090442208879,10.737936231489343,-56.3472594358079,-14.25454940836968
2016-08-01,56,-28.478698632697018,9.660553618195204,-47.41338372435962,-9.54401354103442
2016-08-01,57,-18.10975158114968,8.831303744207744,-35.41910691979686,-0.8003962425025009
2016-08-01,58,-8.260809078916168,8.33730640299554,-24.601929628787428,8.080311470955092
2016-08-01,59,-3.4584371836947128,8.304810513782561,-19.735865790708534,12.818991423319108
2016-08-01,60,-2.087585450713874,8.544221628607753,-18.83425984278507,14.659088941357322
2016-08-01,61,-2.1263100565365107,8.674936963568205,-19.129186505130193,14.876566392057171
2016-08-01,62,-5.838776551773208,9.046086833425054,-23.569106745286312,11.891553641739897
2016-08-01,63,-9.484712265165967,9.173854956685345,-27.465467980269242,8.496043449937307
2016-08-01,64,-10.855730537373802,9.77551526551628,-30.01574045778571,8.304279383038107
2016-08-01,65,-7.021655826835939,9.417995937722777,-25.480927864772582,11.437616211100703
2016-08-01,66,-4.77194664261134,9.496305036085094,-23.38470451333812,13.840811228115442
2016-08-01,67,-1.3173831226019388,9.184501006786611,-19.319005095903698,16.68423885069982
2016-08-01,68,2.8709108512672685,9.679143034854857,-16.10020949704825,21.842031199582788
2016-08-01,69,9.325723549364369,9.898056630230514,-10.074467445887436,28.725914544616174
2016-08-01,70,15.64398890782627,10.34999915988613,-4.642009445550546,35.92998726120308
2016-08-01,71,22.440746708817585,10.487335415145786,1.8855692951318446,42.995924122503325
2016-08-01,72,23.847201649450255,10.57990208614387,3.1105935606082724,44.58380973829224
2016-08-01,73,22.75002902351929,10.404269179178886,2.3576614323286726,43.14239661470991
2016-08-01,74,17.579706634873105,10.261919905284397,-2.533656379484313,37.69306964923052
2016-08-01,75,13.864866182668607,9.89011980643547,-5.519768637944914,33.24950100328213
2016-08-01,76,11.075903197853734,10.311890220181636,-9.135401633702273,31.28720802940974
2016-08-01,77,12.359976163340832,10.426329159907606,-8.075628990078076,32.79558131675974
2016-08-01,78,15.339390784038471,10.495873310762173,-5.232520905055388,35.91130247313233
2016-08-01,79,19.142226865150292,10.504266592500835,-1.4461356561513448,39.730589386451925
2016-08-01,80,21.021831616279087,10.956083561042151,-0.45209216336352753,42.495755395921705
2016-08-01,81,26.82211934593687,11.86223688209451,3.5721350570316304,50.07210363484211
2016-08-01,82,34.138028385530106,12.710453354529857,9.225539810651586,59.05051696040863
2016-08-01,83,39.604302334590216,13.120319307145596,13.888476492584847,65.32012817659559
2016-08-01,84,40.079282773686145,12.962062044423973,14.673641166615159,65.48492438075714
2016-08-01,85,31.430727474203934,12.64541321566211,6.6457175715062,56.21573737690167
2016-08-01,86,20.604062577475815,12.492089262839126,-3.880432377688873,45.08855753264051
2016-08-01,87,10.707415134621272,12.980826833884128,-14.73500545979162,36.149835729034166
2016-08-01,88,8.918926567464098,12.748291083358163,-16.067723955917902,33.905577090846094
2016-08-01,89,13.170298440386716,12.571596882318357,-11.470031448957261,37.81062832973069
2016-08-01,90,18.322903288108307,12.61928282336124,-6.410891045679723,43.05669762189633
2016-08-01,91,20.080969994624354,13.002839669242057,-5.404595757090078,45.566535746338786
2016-08-01,92,21.76200935275375,13.489654029704807,-4.677712545467671,48.20173125097517
2016-08-01,93,25.216300310196914,14.011883866549876,-2.246992068240843,52.67959268863467
2016-08-01,94,29.157665773126496,14.820883317374733,0.10873447107201883,58.20659707518097
2016-08-01,95,29.89749981916077,15.104599648757508,0.29248450759605404,59.502515130725484
2016-08-01,96,27.371406475984656,14.926903295695464,-1.885323983578452,56.628136935547765
2016-08-01,97,24.140854659484944,14.226631201290456,-3.743342495044349,52.02505181401423
2016-08-01,98,17.61937776784464,13.728647959424933,-9.28877223262823,44.52752776831751
2016-08-01,99,14.324696623614557,13.843852909134274,-12.809255078288619,41.45864832551773
2016-08-01,100,11.78612738174138,14.770127522953977,-17.163322563248414,40.735577326731175
2016-08-01,101,12.4833394337262,15.142776281248562,-17.19650207752098,42.16318094497338
2016-08-01,102,17.113157386160537,15.203662755404201,-12.686021614431695,46.91233638675277
2016-08-01,103,17.887586085467603,14.796132708997416,-11.11283402416733,46.888006195102534
2016-08-01,104,26.925415451129652,15.939762772400588,-4.3165195827754985,58.1673504850348
2016-08-01,105,28.399472943728256,17.053934206105048,-5.026238100237634,61.825183987694146
2016-08-01,106,36.15116940070618,17.423982237127255,2.0001642159367634,70.3021745854756
2016-08-01,107,34.85501659677391,17.590162602531866,0.3782978958114498,69.33173529773637
2016-08-01,108,32.35662017243044,17.266187686082045,-1.48510769229037,66.19834803715125
2016-09-01,-20,-48.326525667696,11.310186090424521,-70.49449040492806,-26.158560930463942
2016-09-01,-19,-48.18818843537754,11.570291223302224,-70.86595923304989,-25.51041763770518
2016-09-01,-18,-48.383232744782745,9.444763309805177,-66.8949688320009,-29.8714966575646
2016-09-01,-17,-43.69806019163415,6.780647609313583,-56.98812950588877,-30.407990877379525
2016-09-01,-16,-35.92702776328118,5.226762462355339,-46.171482189497645,-25.682573337064717
2016-09-01,-15,-28.3723277524467,6.4754472393199904,-41.064204341513886,-15.68045116337952
2016-09-01,-14,-27.324740683721906,7.275364542236946,-41.58445518650632,-13.065026180937492
2016-09-01,-13,-27.738409399686752,7.911344767021252,-43.2446451430484,-12.232173656325099
2016-09-01,-12,-34.83597579132697,7.30123206117159,-49.14639063122329,-20.525560951430656
2016-09-01,-11,-35.76470005232416,5.925367251430751,-47.378419865128436,-24.150980239519885
2016-09-01,-10,-37.66790327714923,7.073978747499111,-51.532901622247486,-23.80290493205097
2016-09-01,-9,-38.99935944601661,7.435870070948979,-53.57366478507661,-24.425054106956615
2016-09-01,-8,-37.56263014269465,6.15067807673987,-49.61795917310479,-25.50730111228451
2016-09-01,-7,-28.842897313755035,5.428883937160181,-39.48350983058899,-18.202284796921077
2016-09-01,-6,-21.939265687431558,4.544688019483029,-30.846854205618293,-13.031677169244821
2016-09-01,-5,-14.9750397451626,4.458284375191791,-23.713277120538514,-6.236802369786689
2016-09-01,-4,-12.954954393307188,5.138660583624853,-23.026729137211902,-2.883179649402477
2016-09-01,-3,-4.159824993307652,4.078070380069003,-12.152842938242898,3.833192951627595
2016-09-01,-2,-2.8689548627360155,4.396897997642115,-11.48687493811456,5.748965212642529
2016-09-01,0,-2.226629647586434,3.752994587416422,-9.58249903892262,5.129239743749753
2016-09-01,1,-8.98524293905118,4.574600932727839,-17.951460767197744,-0.01902511090461445
2016-09-01,2,-15.156422500667393,7.975496163293423,-30.7883949807225,0.4755499793877149
2016-09-01,3,-15.761184765938271,8.79337514525056,-32.99620005062937,1.4738305187528233
2016-09-01,4,-12.171715925213444,6.9957215243019055,-25.88333011284518,1.5398982624182906
2016-09-01,5,-6.195884539278254,6.001136980145898,-17.958113020364213,5.5663439418077045
2016-09-01,6,1.4641917742442638,6.3392287105453216,-10.960696498424568,13.889080046913094
2016-09-01,7,5.937913284383733,5.367137667805268,-4.5816765445145915,16.45750311328206
2016-09-01,8,8.477032261413832,6.927365059537961,-5.100603255280571,22.054667778108236
2016-09-01,9,9.557476452060016,7.891771853156887,-5.910396380127482,25.02534928424751
2016-09-01,10,11.337861956432867,8.337232731702725,-5.003114197704473,27.678838110570208
2016-09-01,11,10.452954710928662,5.8492485918728905,-1.011572529142203,21.917481950999527
2016-09-01,12,1.5999556158800239,6.308300220400316,-10.764312816104594,13.964224047864642
2016-09-01,13,-13.168717699410756,6.338624214334577,-25.59242115950653,-0.745014239314985
2016-09-01,14,-23.840496570775258,8.634634130393705,-40.764379466346924,-6.916613675203596
2016-09-01,15,-24.646845177066773,7.910840192415334,-40.15209195420083,-9.141598399932718
2016-09-01,16,-15.72480592657439,7.560929679523894,-30.544228098441224,-0.9053837547075592
2016-09-01,17,-2.3751287991524954,7.474095199403826,-17.024355389983995,12.274097791679003
2016-09-01,18,7.677770494366499,6.929993376855685,-5.9050165242706445,21.26055751300364
2016-09-01,19,14.257009796741023,8.200670147440535,-1.8163036922424247,30.33032328572447
2016-09-01,20,14.494525570532566,8.486119802966295,-2.1382692432813712,31.127320384346504
2016-09-01,21,13.188434997793905,8.579060823710776,-3.626524216679215,30.003394212267025
2016-09-01,22,13.816159644071796,6.844944981036272,0.4000674812407041,27.232251806902887
2016-09-01,23,15.126677365449154,7.864600033989396,-0.2879387011700629,30.54129343206837
2016-09-01,24,8.323279506782036,9.716061528199095,-10.720201088488189,27.36676010205226
2016-09-01,25,2.8470001147122375,10.57728107435094,-17.884470791015605,23.57847102044008
2016-09-01,26,-12.904092728086333,11.211045785269844,-34.87774246721523,9.069557011042562
2016-09-01,27,-8.281288171519336,8.931228479580335,-25.786495991496793,9.223919648458121
2016-09-01,28,-0.8319676327460002,7.400673391970583,-15.337287481008344,13.673352215516344
2016-09-01,29,13.600388927202637,11.157017531786856,-8.267365435099599,35.46814328950487
2016-09-01,30,14.60124703605652,10.573899920076398,-6.123596807293218,35.32609087940626
2016-09-01,31,14.780366609522972,10.292658267724523,-5.393243595217093,34.95397681426304
2016-09-01,32,20.50388605456989,12.036206739694888,-3.0870791552320895,44.09485126437187
2016-09-01,33,20.945914005154535,10.605490539157778,0.15915254840529158,41.73267546190378
2016-09-01,34,19.21649763441002,8.447454719450675,2.6594863842866943,35.77350888453334
2016-09-01,35,19.466949744369572,8.41127014797018,2.98086025434802,35.95303923439113
2016-09-01,36,23.152260739590744,9.973579227868214,3.6040454529690464,42.70047602621244
2016-09-01,37,21.798784178600812,10.788900490742527,0.6525392167454598,42.945029140456164
2016-09-01,38,15.927639662842708,10.20958170688054,-4.083140482643149,35.93841980832856
2016-09-01,39,-1.5466473178879312,7.3693764582161085,-15.990625175991504,12.897330540215641
2016-09-01,40,-1.9119585416297866,9.50560114913751,-20.542936793939305,16.71901971067973
2016-09-01,41,3.788878656315319,11.254709128500672,-18.270351235546,25.848108548176636
2016-09-01,42,18.2939662838113,13.76477993330479,-8.685002385466088,45.27293495308869
2016-09-01,43,24.850812660749952,13.046812215055159,-0.7209392807581594,50.42256460225806
2016-09-01,44,20.993869595161485,10.71107773131064,0.0001572417926318792,41.987581948530334
2016-09-01,45,17.08983293838503,11.215805822155593,-4.8931464730399306,39.07281234980999
2016-09-01,46,8.327867635945779,10.864823786239324,-12.967186985083295,29.622922256974853
2016-09-01,47,8.869042205540978,12.712011234295488,-16.046499813678178,33.78458422476014
2016-09-01,48,-5.897027333533856,12.78797388091557,-30.961456140128373,19.16740147306066
2016-09-01,49,-19.551714376428166,15.691689758462179,-50.30742630301404,11.203997550157705
2016-09-01,50,-44.165676300739136,18.668032824812947,-80.75502063737251,-7.576331964105762
2016-09-01,51,-54.123301664598415,21.514533106535616,-96.29178655340823,-11.954816775788608
2016-09-01,52,-55.669266077339486,20.589523560686704,-96.02473225628543,-15.313799898393547
2016-09-01,53,-44.112979129121925,16.49953755748834,-76.45207274179907,-11.773885516444786
2016-09-01,54,-29.604223620502538,12.421461239566243,-53.950287650052374,-5.258159590952701
2016-09-01,55,-15.650598304095723,12.20784874810515,-39.57798185038182,8.276785242190371
2016-09-01,56,-5.646342600357798,12.23595844971981,-29.628821161808624,18.336135961093028
2016-09-01,57,4.859015753414013,12.311225398705005,-19.270986028047798,28.989017534875824
2016-09-01,58,7.359800309055345,12.586346653145382,-17.309439131109603,32.02903974922029
2016-09-01,59,8.63405339736164,16.315398088139485,-23.34412685539175,40.61223365011503
2016-09-01,60,5.837081127069695,17.024204235822243,-27.530359175141903,39.20452142928129
2016-09-01,61,-0.7762314332202891,18.562562753496525,-37.158854430073475,35.6063915636329
2016-09-01,62,-7.085158679400621,16.33461502653596,-39.1010041314111,24.93068677260986
2016-09-01,63,-8.912370229458304,18.50198778507295,-45.17626628820128,27.351525829284675
2016-09-01,64,-3.808431133032741,17.563759008643967,-38.23339878997491,30.61653652390943
2016-09-01,65,-1.0743849992115884,16.24491617785254,-32.91442070780257,30.765650709379393
2016-09-01,66,7.242135524464032,14.99914084205192,-22.15618052595773,36.640451574885795
2016-09-01,67,15.162191769221096,17.200780993308832,-18.551338977664216,48.87572251610641
2016-09-01,68,26.27916870484188,18.694754436041375,-10.362549989799213,62.92088739948297
2016-09-01,69,32.054847588595266,19.99213076878405,-7.129728718221472,71.239423895412
2016-09-01,70,39.15068753524173,19.53909906684305,0.8540533642293511,77.44732170625412
2016-09-01,71,42.70701134433199,20.543009857853875,2.4427120229383945,82.97131066572558
2016-09-01,72,40.71159881165613,19.24951475814788,2.9825498856862893,78.44064773762597
2016-09-01,73,42.80378120842175,22.265293948304453,-0.836194930254976,86.44375734709848
2016-09-01,74,36.244315455633284,21.60656523537498,-6.104552405701675,78.59318331696824
2016-09-01,75,46.43089369515576,26.185865589000002,-4.893402859284244,97.75519024959576
2016-09-01,76,44.57277574493935,24.956689200548574,-4.3423350881358544,93.48788657801455
2016-09-01,77,48.56313706015658,24.371189532115093,0.7956055772109991,96.33066854310215
2016-09-01,78,41.57416705345349,21.19346207688745,0.03498138275408991,83.11335272415289
2016-09-01,79,43.272846613962884,21.442060604073482,1.2464078299788568,85.2992853979469
2016-09-01,80,52.464476698713156,25.115189361003726,3.2387055511458556,101.69024784628046
2016-09-01,81,62.37943881582032,29.850525312373225,3.8724092035688003,120.88646842807185
2016-09-01,82,67.99705764539254,31.99615945448298,5.284585114605903,130.7095301761792
2016-09-01,83,70.41331606120406,31.957754231497834,7.776117767468307,133.05051435493982
2016-09-01,84,64.82340258565034,30.01694187359858,5.99019651339713,123.65660865790355
2016-09-01,85,51.85514793191112,25.833851020256336,1.220799932208699,102.48949593161353
2016-09-01,86,40.34247498028918,24.73565797193412,-8.139414644701695,88.82436460528007
2016-09-01,87,35.091390012145666,24.920590243984236,-13.752966866063439,83.93574689035478
2016-09-01,88,46.277189547165506,26.198352847833586,-5.0715820345883245,97.62596112891933
2016-09-01,89,55.96382672957924,27.678771980281304,1.713433648227884,110.21421981093059
2016-09-01,90,60.24610822819329,28.148436739226863,5.075172219308641,115.41704423707795
2016-09-01,91,63.64160480551851,31.64459689418675,1.6181948929124772,125.66501471812455
2016-09-01,92,68.73520419085918,34.1446512062313,1.811687826645823,135.65872055507253
2016-09-01,93,77.1807266922238,37.303996293699186,4.0648939565734,150.2965594278742
2016-09-01,94,78.139946462073,37.66064885787587,4.325074700636293,151.9548182235097
2016-09-01,95,75.18008220477992,36.02745340445381,4.5662735320504595,145.7938908775094
2016-09-01,96,66.51985775743213,34.11822045596254,-0.35185433625444773,133.39156985111873
2016-09-01,97,63.13121418875369,32.90512806340599,-1.3628368155220443,127.62526519302942
2016-09-01,98,58.145620631363784,34.82878353666033,-10.118795100490459,126.41003636321803
2016-09-01,99,56.63343447434846,33.552433897167816,-9.129335964100463,122.39620491279739
2016-09-01,100,55.51602878227095,35.643989397527484,-14.346190436882921,125.37824800142482
2016-09-01,101,61.34775551029236,36.04237154342457,-9.295292714819794,131.9908037354045
2016-09-01,102,68.54551363422138,41.05989317887439,-11.931876996372424,149.02290426481517
2016-09-01,103,78.62070301318289,41.36674798646914,-2.458123040296627,159.69952906666242
2016-09-01,104,84.15780160267434,44.70369460614009,-3.4614398253602303,171.7770430307089
2016-09-01,105,91.70664047367973,46.764834831704185,0.04756420353952251,183.36571674381992
2016-09-01,106,90.78801898002018,48.56262191846599,-4.394719980173164,185.97075794021353
2016-09-01,107,89.81238598630534,49.456659765863265,-7.1226671547866545,186.74743912739734
2016-10-01,-21,-59.51483622149796,22.377657798824654,-103.37504550719427,-15.654626935801637
2016-10-01,-20,-53.54242835714704,18.52462456834844,-89.85069251110997,-17.2341642031841
2016-10-01,-19,-41.31114077430723,16.038166835824413,-72.74594777252308,-9.876333776091386
2016-10-01,-18,-29.951527020914696,13.243306025111368,-55.908406830132975,-3.9946472116964173
2016-10-01,-17,-22.474914703661042,12.853196117777193,-47.66717909450434,2.7173496871822564
2016-10-01,-16,-13.042958210511536,11.862345481003807,-36.293155353279,10.207238932255926
2016-10-01,-15,-12.191986042477929,10.608315867743245,-32.98428514325469,8.60031305829883
2016-10-01,-14,-5.922678667103618,9.010128363287361,-23.582530259146846,11.73717292493961
2016-10-01,-13,-19.415442476503202,9.466830121473192,-37.97042951459066,-0.8604554384157446
2016-10-01,-12,-26.872786812282797,11.119949782813075,-48.667888386596424,-5.07768523796917
2016-10-01,-11,-35.698497390165116,11.919242020163688,-59.06021174968595,-12.336783030644288
2016-10-01,-10,-37.808201006752164,13.084548512770017,-63.453916091781394,-12.162485921722933
2016-10-01,-9,-38.51815247720005,15.919730334588515,-69.72082393299354,-7.315481021406558
2016-10-01,-8,-30.858672222323747,13.572463247579067,-57.46070018757872,-4.256644257068775
2016-10-01,-7,-19.353055169538045,10.45340435799944,-39.84172771121695,1.1356173721408567
2016-10-01,-6,-11.353275968496364,6.760361331248692,-24.603584177743798,1.8970322407510718
2016-10-01,-5,-10.372657641359883,9.086176245878212,-28.181563083281176,7.436247800561411
2016-10-01,-4,-5.328288022529882,8.746768262454207,-22.47195381694013,11.815377771880364
2016-10-01,-3,5.107033263242491,4.77381667883127,-4.249647427266798,14.463713953751782
2016-10-01,-2,6.45971257051932,2.4396424202883282,1.6780134267541973,11.241411714284443
2016-10-01,0,-10.24034961278073,3.7300788675460197,-17.551304193170928,-2.9293950323905307
2016-10-01,1,-22.376536459194476,7.033148729090944,-36.161507968212725,-8.591564950176226
2016-10-01,2,-24.067732038647396,9.770198346570684,-43.217320797925936,-4.918143279368856
2016-10-01,3,-20.194486381541374,11.695121165320721,-43.11692386556999,2.727951102487239
2016-10-01,4,-8.009622378685126,9.46492617545902,-26.560877682584806,10.541632925214554
2016-10-01,5,-0.0584959116366619,7.030823088792657,-13.838909165670268,13.721917342396944
2016-10-01,6,9.182305305658609,4.155847455455029,1.0368442929667534,17.327766318350463
2016-10-01,7,17.770024991287364,3.9364433872517686,10.054595952273898,25.48545403030083
2016-10-01,8,19.100303082397385,4.167932496246051,10.931155389755126,27.269450775039644
2016-10-01,9,14.540935533521083,3.700205181233952,7.288533378302537,21.793337688739626
2016-10-01,10,11.908657789832382,4.262442856128928,3.5542697918196833,20.26304578784508
2016-10-01,11,3.151096081048447,5.815652077535542,-8.247581990921214,14.549774153018108
2016-10-01,12,-5.26113284212097,7.4839030725195865,-19.92958286425936,9.407317180017419
2016-10-01,13,-15.693108942944866,11.05354252814619,-37.358052298111396,5.971834412221666
2016-10-01,14,-3.3273561612753966,10.484431442518286,-23.876841788611237,17.222129466060444
2016-10-01,15,3.9164550801568137,9.260125691695961,-14.23339127556727,22.066301435880895
2016-10-01,16,14.451771345777548,9.602809863935516,-4.369735987536064,33.27327867909116
2016-10-01,17,14.633926682677995,7.807297384431543,-0.6683761908078285,29.936229556163816
2016-10-01,18,18.001976265150226,6.930314046455322,4.418560734097795,31.585391796202657
2016-10-01,19,20.896136354798173,7.088308239158156,7.003052206048189,34.78922050354816
2016-10-01,20,20.326181159639106,6.369476477488945,7.842007263760774,32.810355055517434
2016-10-01,21,17.093438876580777,6.966268196050558,3.439553212321682,30.74732454083987
2016-10-01,22,15.152256096879384,8.515539183805934,-1.538200703380248,31.842712897139016
2016-10-01,23,8.099757218310835,12.29759145240688,-16.00352202840665,32.20303646502832
2016-10-01,24,5.151932847427297,15.695014625629108,-25.610295818805756,35.914161513660346
2016-10-01,25,-9.054192951754334,16.465259092878938,-41.32610077379705,23.217714870288386
2016-10-01,26,-5.681529282176271,14.452806041381239,-34.0090291232835,22.645970558930955
2016-10-01,27,7.543542102946162,12.852347533967103,-17.64705906362936,32.73414326952168
2016-10-01,28,21.538542171043495,13.006083817721745,-3.9533821116911234,47.03046645377812
2016-10-01,29,25.60611683708038,11.844056913943472,2.3917652857511733,48.82046838840958
2016-10-01,30,18.656683922828776,9.817694235897305,-0.585996779529939,37.89936462518749
2016-10-01,31,26.93342781601511,11.240711418547132,4.901633435662731,48.96522219636749
2016-10-01,32,31.356528895953346,12.01047221336537,7.816003357757221,54.89705443414947
2016-10-01,33,33.26453375672523,14.186530616136702,5.4589337490972945,61.07013376435316
2016-10-01,34,28.840664363810433,13.26345097684742,2.8443004491894897,54.837028278431376
2016-10-01,35,29.622108630496626,15.058446034957749,0.10755440197943855,59.13666285901381
2016-10-01,36,32.622865462834326,17.34278068069955,-1.36898467133679,66.61471559700544
2016-10-01,37,27.715565775984288,17.591819731815313,-6.764400898373722,62.1955324503423
2016-10-01,38,22.048229484047482,19.915254494695564,-16.98566932555582,61.08212829365078
2016-10-01,39,11.837060702993881,17.523145644480074,-22.508304760187066,46.18242616617483
2016-10-01,40,21.073235755241072,19.13609446956222,-16.433509405100878,58.57998091558302
2016-10-01,41,31.45446057942283,16.65159179286578,-1.1826593345940992,64.09158049343975
2016-10-01,42,47.743605401333326,18.06046218011007,12.34509952831759,83.14211127434906
2016-10-01,43,45.01819719646956,18.769450419509642,8.23007437423066,81.80632001870845
2016-10-01,44,35.92401431668581,18.739249606448823,-0.8049149119538797,72.65294354532551
2016-10-01,45,23.63842209279828,18.941068574319843,-13.486072312868615,60.762916498465174
2016-10-01,46,13.095601795883368,16.57306675507867,-19.387609044070828,45.578812635837565
2016-10-01,47,-5.58354158807704,20.343794564047275,-45.4573789336097,34.29029575745562
2016-10-01,48,-28.725346509791144,26.387892068225877,-80.44561496351386,22.994921943931573
2016-10-01,49,-49.608890243839255,34.11066188879288,-116.46578754587331,17.2480070581948
2016-10-01,50,-63.247904679212695,38.04503541670922,-137.81617409596277,11.320364737537375
2016-10-01,51,-55.42156016491886,34.78969700992767,-123.60936630437709,12.766245974539373
2016-10-01,52,-41.859790182652056,28.68692965883892,-98.08617231397633,14.36659194867223
2016-10-01,53,-19.7908891461891,24.833850715429165,-68.46523654843025,28.88345825605206
2016-10-01,54,-4.160562608781802,24.365197943697904,-51.91635057842969,43.59522536086609
2016-10-01,55,14.149997629473404,25.603407011183478,-36.032680112446215,64.33267537139302
2016-10-01,56,25.05642906757521,25.440253056101444,-24.80646692238362,74.91932505753404
2016-10-01,57,29.121865577383318,25.732494542255086,-21.31382372543665,79.55755488020328
2016-10-01,58,27.748018181557796,27.43400150347622,-26.022624765255593,81.51866112837118
2016-10-01,59,27.484502613346308,27.278153442165166,-25.980678133297417,80.94968335999003
2016-10-01,60,25.518236421728204,30.009544342255694,-33.30047048909295,84.33694333254937
2016-10-01,61,23.721646146592036,30.73739802391631,-36.52365398028393,83.96694627346801
2016-10-01,62,24.57947080505687,32.51271257958108,-39.14544585092204,88.30438746103579
2016-10-01,63,28.907854503417013,29.802802792068054,-29.50563896903637,87.3213479758704
2016-10-01,64,35.21364881824934,30.699785263825955,-24.957930298849533,95.38522793534821
2016-10-01,65,43.782459549557814,28.815820464804343,-12.696548561458698,100.26146766057433
2016-10-01,66,53.910287288612494,30.255125606912678,-5.38975890093635,113.21033347816135
2016-10-01,67,65.33222856156655,28.97345878733265,8.544249338394557,122.12020778473854
2016-10-01,68,75.87863376026158,28.68654950352272,19.65299673335705,132.10427078716612
2016-10-01,69,83.92200194001867,26.117301247916693,32.73209149410196,135.1119123859354
2016-10-01,70,86.21506048912954,25.683313308186754,35.8757664050835,136.55435457317557
2016-10-01,71,79.37498699498673,23.00735589431161,34.28056944213598,124.46940454783748
2016-10-01,72,76.14463498669329,25.135044460439808,26.879947844231268,125.40932212915531
2016-10-01,73,67.42623452937448,24.711024406414552,18.992626692801963,115.859842365947
2016-10-01,74,66.60095946532584,24.59711479912893,18.390614459033138,114.81130447161854
2016-10-01,75,68.41138060910731,22.811683300250778,23.700481340615788,113.12227987759883
2016-10-01,76,74.17920753108615,21.325901454469236,32.38044068032645,115.97797438184585
2016-10-01,77,82.39450740007703,21.185348620027703,40.87122410482274,123.91779069533132
2016-10-01,78,89.6249101557907,22.392895943080255,45.7348341073534,133.514986204228
2016-10-01,79,103.61798933934335,23.513740708825914,57.531057550044565,149.70492112864213
2016-10-01,80,120.06338787942559,23.518908136274803,73.96632793232698,166.1604478265242
2016-10-01,81,128.62620771664206,22.799846385115345,83.93850880181598,173.31390663146811
2016-10-01,82,129.9834049999585,22.452858962674707,85.97580143311609,173.99100856680093
2016-10-01,83,120.36280307282772,26.03272162234812,69.3386686930254,171.38693745263004
2016-10-01,84,103.47401536123448,27.646225675580766,49.28741303709618,157.66061768537278
2016-10-01,85,91.1670847548487,29.309779250182043,33.719917424491896,148.61425208520552
2016-10-01,86,77.21925041667055,26.964579021668932,24.36867553419944,130.06982529914166
2016-10-01,87,87.84677115012067,27.118246162796385,34.69500867103976,140.99853362920157
2016-10-01,88,101.79550475937071,27.786486342396948,47.3339915282727,156.25701799046874
2016-10-01,89,118.51049233785153,28.91509413900417,61.83690782540336,175.1840768502997
2016-10-01,90,127.45306401238884,29.847377615612665,68.95220388578801,185.95392413898966
2016-10-01,91,138.18095442689201,29.118735531704353,81.1082327847515,195.25367606903254
2016-10-01,92,146.00954845166967,29.948134553613585,87.31120472658705,204.7078921767523
2016-10-01,93,149.05885791674166,30.719361896654522,88.8489085992988,209.26880723418452
2016-10-01,94,139.26247651799525,32.85425593119113,74.86813489286064,203.65681814312987
2016-10-01,95,131.1548193971375,32.729821703354354,67.00436885856296,195.30526993571203
2016-10-01,96,111.2049669535902,30.382016490671404,51.65621463187425,170.75371927530614
2016-10-01,97,104.71494207683855,32.46142006056805,41.09055875812517,168.33932539555195
2016-10-01,98,107.45713706076799,35.930174205260826,37.03399561845677,177.8802785030792
2016-10-01,99,107.35023042153887,34.57872296169723,39.5759334166123,175.12452742646542
2016-10-01,100,119.24969645152186,31.232017898302196,58.03494137084955,180.46445153219418
2016-10-01,101,128.163526772792,32.83557134092881,63.80580694457154,192.52124660101248
2016-10-01,102,156.07742328443044,35.859538956710864,85.79272692927715,226.36211963958374
2016-10-01,103,169.8347510459388,37.372790867252576,96.58408094612373,243.08542114575386
2016-10-01,104,181.49164847407644,36.19675327760285,110.54601204997485,252.43728489817804
2016-10-01,105,183.57198957509627,35.96075688580093,113.08890607892644,254.0550730712661
2016-10-01,106,180.07385954483334,36.21644159491538,109.08963401879919,251.0580850708675
2017-01-01,-24,-17.918704266059272,10.516999545449593,-38.532023375140476,2.694614843021931
2017-01-01,-23,-13.918751223778607,9.241339214809106,-32.03177608480445,4.194273637247239
2017-01-01,-22,-10.510737277828142,7.956087386541954,-26.104668555450374,5.083193999794089
2017-01-01,-21,-4.320280679141391,7.238298121764352,-18.50734499779952,9.866783639516738
2017-01-01,-20,-1.7135526403813053,6.4247885780998155,-14.306138253456943,10.879032972694333
2017-01-01,-19,3.9154444499422105,6.913863864631597,-9.635728724735719,17.46661762462014
2017-01-01,-18,4.103310071447687,7.189325650478359,-9.987768203489896,18.19438834638527
2017-01-01,-17,4.477676753415764,6.956228519039821,-9.156531143902285,18.111884650733813
2017-01-01,-16,1.3564308952434772,7.2053249320479145,-12.766005971570435,15.478867762057389
2017-01-01,-15,-1.727510660164496,7.332114539342251,-16.098455157275307,12.643433836946315
2017-01-01,-14,-3.6456112228100217,7.015307416663732,-17.395613759470937,10.104391313850893
2017-01-01,-13,-2.54155288024657,5.520551760161613,-13.361834330163331,8.278728569670191
2017-01-01,-12,0.030140868144691524,4.946685812146786,-9.665363323663009,9.725645059952392
2017-01-01,-11,1.882155923428596,5.977695538765008,-9.83412733255082,13.598439179408013
2017-01-01,-10,1.97295989977819,6.554087250724763,-10.873051111642344,14.818970911198726
2017-01-01,-9,5.672013240005384,7.139661317322081,-8.321722941945895,19.66574942195666
2017-01-01,-8,8.142823571668789,8.065239708076572,-7.6650462561612915,23.950693399498867
2017-01-01,-7,10.956896602268897,10.46543915232165,-9.555364136281538,31.46915734081933
2017-01-01,-6,11.542629659556518,10.743917258584593,-9.515448167269284,32.60070748638232
2017-01-01,-5,11.192634550219775,11.11310828809972,-10.589057694455676,32.97432679489523
2017-01-01,-4,4.302292172449494,10.252802286822408,-15.793200309722426,24.397784654621415
2017-01-01,-3,4.084337145518326,8.7547597224764,-13.07499191053542,21.243666201572072
2017-01-01,-2,-4.2838413791929995,4.783991992699802,-13.660465684884612,5.092782926498613
2017-01-01,0,0.7769592951492852,2.93423887265988,-4.974148895264079,6.52806748556265
2017-01-01,1,12.816930233500024,5.083866809385806,2.8525512871038448,22.781309179896205
2017-01-01,2,14.500933302483116,10.239512511514732,-5.56851122008576,34.57037782505199
2017-01-01,3,19.103731453289612,11.07584204004848,-2.6049189452054087,40.812381851784636
2017-01-01,4,21.503723856182503,9.971348412517198,1.9598809676487967,41.04756674471621
2017-01-01,5,24.011151269000436,10.069092887456883,4.275729209584945,43.74657332841593
2017-01-01,6,23.525488590825674,11.220853474867656,1.5326157800850666,45.51836140156628
2017-01-01,7,23.303010837180636,10.924592685666285,1.890809173274718,44.715212501086555
2017-01-01,8,21.657158825494,9.275764206193172,3.4766609813553835,39.83765666963262
2017-01-01,9,20.19706108788796,7.690206923828058,5.124255517184965,35.269866658590956
2017-01-01,10,19.56926695903269,8.687842606315991,2.541095450653348,36.59743846741203
2017-01-01,11,20.03196463058235,8.05114359557316,4.251723183258957,35.81220607790574
2017-01-01,12,21.02789665297726,7.924052488092225,5.496753776316501,36.55903952963802
2017-01-01,13,22.757897173554156,8.233984296889954,6.619287951649845,38.896506395458466
2017-01-01,14,25.3647602277465,10.248327017791198,5.2780392728757555,45.45148118261724
2017-01-01,15,28.495663019571104,11.849229565635472,5.271173070925581,51.720152968216624
2017-01-01,16,29.998876022894166,12.386398240921647,5.721535470687737,54.27621657510059
2017-01-01,17,30.882490182259104,13.296501560805037,4.821347123081232,56.94363324143698
2017-01-01,18,28.75574731070128,13.312790545364555,2.6626778417867527,54.84881677961581
2017-01-01,19,30.91105622545227,13.093949054345028,5.246916078936014,56.57519637196853
2017-01-01,20,31.69654130884082,11.970055904229017,8.235231736551949,55.15785088112969
2017-01-01,21,32.044021568985436,11.418395733188444,9.663965931936087,54.42407720603478
2017-01-01,22,25.812903248107638,11.985926951817358,2.320486422545617,49.30532007366966
2017-01-01,23,22.771757106380818,12.552466969753288,-1.831078154335625,47.374592367097264
2017-01-01,24,26.554007988421418,12.691140197845245,1.67937320064474,51.428642776198096
2017-01-01,25,34.660339330493,12.527799708127647,10.105851902562815,59.214826758423186
2017-01-01,26,39.5066077549418,13.456350006328874,13.132161742537203,65.88105376734639
2017-01-01,27,38.016752272381765,13.795482470408347,10.977606630381405,65.05589791438213
2017-01-01,28,37.887553869613555,14.400495412179968,9.66258286174082,66.1125248774863
2017-01-01,29,38.35711980190332,14.543034138886329,9.852772889686118,66.86146671412052
2017-01-01,30,38.84289210975487,15.82861241996468,7.818811766624098,69.86697245288565
2017-01-01,31,37.626442909137864,15.897651472527079,6.467046022984793,68.78583979529094
2017-01-01,32,40.133662407628435,17.02658378226163,6.761558194395647,73.50576662086122
2017-01-01,33,39.954967284082414,17.914494886859675,4.8425573058374525,75.06737726232737
2017-01-01,34,33.048082092860454,18.114453261700213,-2.4562463000719603,68.55241048579288
2017-01-01,35,30.978044380627352,16.40919951004859,-1.1839866590678838,63.14007542032259
2017-01-01,36,29.908255085554984,15.38393482248922,-0.2442571665238873,60.060767337633855
2017-01-01,37,37.58472948489069,15.659903501144981,6.891318622646523,68.27814034713485
2017-01-01,38,40.59085445352699,16.089103685269873,9.056211230398038,72.12549767665594
2017-01-01,39,44.285930222043845,15.395621530380788,14.110512022497499,74.46134842159019
2017-01-01,40,44.17903051087325,15.651216766396223,13.50264564873665,74.85541537300985
2017-01-01,41,39.364763944625736,15.743187688254965,8.508116075646004,70.22141181360547
2017-01-01,42,39.30881511329454,15.73084187825945,8.47636503190602,70.14126519468306
2017-01-01,43,34.69290442460755,14.22001129219254,6.821682291910172,62.564126557304924
2017-01-01,44,32.13106275257782,14.469000103876033,3.771822548980797,60.490302956174844
2017-01-01,45,25.49731463440922,16.207687463443165,-6.269752793939382,57.264382062757825
2017-01-01,46,22.095359674122662,19.711875965621267,-16.53991721849502,60.730636566740344
2017-01-01,47,19.444026547714245,21.430373833021115,-22.559506165007136,61.447559260435625
2017-01-01,48,21.736093910133476,18.803299609541835,-15.118373324568516,58.59056114483547
2017-01-01,49,26.906352265687588,15.927467589301319,-4.311484209342996,58.12418874071817
2017-01-01,50,35.64887682267013,14.62603328558064,6.98185158293208,64.31590206240818
2017-01-01,51,39.04114242879115,16.168642468091996,7.350603191330837,70.73168166625146
2017-01-01,52,41.45623139389028,17.52966593907832,7.098086153296769,75.81437663448378
2017-01-01,53,40.222702669815476,17.85569977532969,5.225531110169285,75.21987422946167
2017-01-01,54,36.283155051247064,18.790933172435537,-0.547073966726586,73.11338406922071
2017-01-01,55,32.0261635576357,19.86841918185775,-6.915938038805493,70.96826515407689
2017-01-01,56,27.648223859281273,20.52910035463732,-12.588812835807872,67.88526055437042
2017-01-01,57,26.479631384688133,22.512709928513726,-17.64528007519877,70.60454284457504
2017-01-01,58,31.31532999432065,22.805251979732823,-13.382963885955682,76.01362387459699
2017-01-01,59,34.196003464314174,24.377426911488758,-13.583753282203794,81.97576021083214
2017-01-01,60,38.77916439249077,23.227099547210848,-6.745950720042494,84.30427950502403
2017-01-01,61,38.73249763979328,25.56615835021989,-11.377172726637703,88.84216800622426
2017-01-01,62,39.13555347216911,24.81060312145595,-9.493228645884557,87.76433559022277
2017-01-01,63,40.17197869445624,25.996136970259297,-10.78044976725198,91.12440715616447
2017-01-01,64,42.18245162903065,25.660824491615283,-8.112764374535303,92.4776676325966
2017-01-01,65,41.41642673425929,26.248521537279693,-10.03067547880891,92.8635289473275
2017-01-01,66,42.78528641237051,24.676529813448234,-5.5807120219880275,91.15128484672906
2017-01-01,67,42.98366488752873,24.541618429913594,-5.11790723510191,91.08523701015937
2017-01-01,68,47.39233527157296,22.561088123004733,3.1726025504836812,91.61206799266225
2017-01-01,69,48.33100952511353,22.529483802338934,4.173221272529219,92.48879777769784
2017-01-01,70,49.452920415498795,22.4484599701892,5.45393887392796,93.45190195706962
2017-01-01,71,48.584010465162066,23.82678107681817,1.8835195545984575,95.28450137572568
2017-01-01,72,48.30952604299654,23.0663843743836,3.099412669204682,93.5196394167884
2017-01-01,73,48.25934539966602,21.011970727777605,7.075882773221913,89.44280802611013
2017-01-01,74,50.44913237634381,20.54802471380196,10.175003937291969,90.72326081539566
2017-01-01,75,56.81022831242342,22.776304425056107,12.168671639313452,101.45178498553338
2017-01-01,76,62.27068143136222,23.50161676734191,16.207512567372078,108.33385029535236
2017-01-01,77,69.53621137549652,23.641432054436265,23.19900454880144,115.8734182021916
2017-01-01,78,72.52888538764978,22.823110439852236,27.7955889255394,117.26218184976017
2017-01-01,79,72.14389573660361,22.856146919996498,27.345847773410476,116.94194369979675
2017-01-01,80,66.17908210448365,23.662442190000515,19.800695412082646,112.55746879688466
2017-01-01,81,60.89792797572119,23.431059341159845,14.97305166704789,106.8228042843945
2017-01-01,82,57.397045192214875,22.50126412940635,13.29456749857843,101.49952288585132
2017-01-01,83,57.087607889029584,21.289811923176153,15.359576519604325,98.81563925845484
2017-01-01,84,56.828379075479006,22.16454158791465,13.385877563166297,100.27088058779171
2017-01-01,85,61.153343189606574,24.007320840229198,14.098994342757344,108.2076920364558
2017-01-01,86,66.8625469389554,25.93900597980586,16.022095218535924,117.70299865937488
2017-01-01,87,72.40053165555418,27.147495117993902,19.19144122428613,125.60962208682221
2017-01-01,88,73.9730845818575,28.127177833997525,18.84381602722236,129.10235313649264
2017-01-01,89,76.17197450545677,28.330880033572363,20.643449639654946,131.70049937125862
2017-01-01,90,77.7444988745055,29.3448230942239,20.22864560982665,135.26035213918433
2017-01-01,91,78.65722855156162,29.756600117350676,20.334292321554294,136.98016478156893
2017-01-01,92,75.60434717677845,28.076189439272493,20.57501587580436,130.63367847775254
2017-01-01,93,65.13273077318928,25.60604331113537,14.944885883363959,115.32057566301461
2017-01-01,94,55.747192839482636,23.360242040426808,9.961118440246096,101.53326723871918
2017-01-01,95,50.57211732594976,27.58051373773997,-3.485689600020578,104.6299242519201
2017-01-01,96,56.461821953958236,27.307350723353057,2.9394145361862414,109.98422937173024
2017-01-01,97,63.277948814365175,29.521907928034004,5.415009275418527,121.14088835331182
2017-01-01,98,69.63471666360294,31.690035515197508,7.522247053815832,131.74718627339007
2017-01-01,99,77.2156419892475,33.60515119763769,11.34954564187764,143.08173833661738
2017-01-01,100,81.54360637065281,35.145062020884616,12.659284809718969,150.42792793158665
2017-01-01,101,76.52419493560149,31.741381016332525,14.311088143589735,138.73730172761324
2017-01-01,102,72.76360137751828,31.626035036392757,10.776572706188482,134.75063004884808
2017-01-01,103,66.96805261418899,32.63909028082026,2.9954356637812793,130.9406695645967
2017-02-01,-25,-1.1327896702400935,10.514873949423011,-21.741942611109195,19.476363270629008
2017-02-01,-24,-4.117341033648863,9.787153959109244,-23.30016279350298,15.065480726205255
2017-02-01,-23,-4.086739830569641,8.265252139528203,-20.28663402404492,12.113154362905636
2017-02-01,-22,3.688555313863276,9.66702197692255,-15.258807760904922,22.635918388631474
2017-02-01,-21,-3.2755313648567608,8.890133275981823,-20.70019258578113,14.14912985606761
2017-02-01,-20,6.246506284432144,11.01273033917916,-15.33844518035901,27.831457749223297
2017-02-01,-19,3.1371602702654595,10.459177068983008,-17.362826784941234,23.637147325472156
2017-02-01,-18,5.264352452228485,10.58978116898371,-15.491618638979586,26.020323543436554
2017-02-01,-17,10.016446244174821,12.22366292430633,-13.941933087465587,33.97482557581523
2017-02-01,-16,8.716489293415131,12.459382952798062,-15.703901294069071,33.136879880899336
2017-02-01,-15,10.127145022865166,12.87156337071721,-15.101119183740563,35.355409229470894
2017-02-01,-14,4.4868676824710825,11.343351448045228,-17.746101155697563,26.719836520639728
2017-02-01,-13,4.455401079932452,10.457776636600533,-16.041841127804595,24.952643287669495
2017-02-01,-12,6.812632476315271,7.37823526855107,-7.648708650044828,21.27397360267537
2017-02-01,-11,9.477434128862315,6.520533770788321,-3.3028120618827934,22.257680319607424
2017-02-01,-10,16.244999029954744,6.947359896681941,2.6281736324581413,29.861824427451346
2017-02-01,-9,10.782750096368051,7.39020054581082,-3.7020429734211557,25.26754316615726
2017-02-01,-8,19.103829405244234,10.238253857533103,-0.9631481555206456,39.17080696600911
2017-02-01,-7,16.328361719765873,10.573790078009825,-4.396266833133385,37.05299027266513
2017-02-01,-6,20.431242793202838,10.102487703077221,0.630366895171484,40.23211869123419
2017-02-01,-5,11.929597201754246,7.133703975411855,-2.05246259005299,25.911656993561483
2017-02-01,-4,14.068886812005168,7.970869459718979,-1.5540173290440311,29.691790953054365
2017-02-01,-3,8.29594830213983,5.678173459966608,-2.8332716793947217,19.42516828367438
2017-02-01,-2,4.5529144318323915,4.700014549852606,-4.659114085878715,13.764942949543498
2017-02-01,0,15.903552031047498,7.01111025843385,2.161775924517153,29.64532813757784
2017-02-01,1,22.57412793696046,9.506990464124115,3.940426627277194,41.207829246643726
2017-02-01,2,33.56823757962444,12.7869793998546,8.505757955909424,58.63071720333945
2017-02-01,3,31.847210033650327,8.713242252541653,14.76925521866869,48.925164848631965
2017-02-01,4,37.669445296106566,9.458572893015672,19.13064242579585,56.208248166417285
2017-02-01,5,38.04255877131231,9.329071455898568,19.757578717751116,56.3275388248735
2017-02-01,6,34.513260113396825,9.722624373441196,15.456916341452082,53.569603885341564
2017-02-01,7,37.11333202750477,10.32931523986044,16.867874157378306,57.358789897631226
2017-02-01,8,33.71755333480441,11.929983039162032,10.334786578046824,57.10032009156199
2017-02-01,9,43.840569371636576,16.717873178347837,11.073537942074815,76.60760080119834
2017-02-01,10,41.875897290461154,16.58845450568442,9.362526459319689,74.38926812160261
2017-02-01,11,46.12096238426888,14.24528845747954,18.200197007608978,74.04172776092878
2017-02-01,12,46.58930421414805,9.97403716859283,27.040191363706104,66.13841706459
2017-02-01,13,47.48527217267222,8.360311999313383,31.099060654017986,63.871483691326446
2017-02-01,14,47.50799993452845,8.250968023911634,31.336102607661648,63.679897261395254
2017-02-01,15,49.69013134619786,9.003389433785928,32.04348805597744,67.33677463641828
2017-02-01,16,49.75162835467965,10.219570293154032,29.72127058009775,69.78198612926155
2017-02-01,17,49.82017655197005,11.018073842540469,28.224751820590733,71.41560128334936
2017-02-01,18,48.27160609790417,10.660163803572233,27.37768504290259,69.16552715290575
2017-02-01,19,49.99670432297563,12.513346309609934,25.47054555614016,74.5228630898111
2017-02-01,20,54.477286175507025,13.796916356581828,27.435330116606643,81.51924223440741
2017-02-01,21,46.18858871319888,17.313371944251887,12.254379702465187,80.12279772393258
2017-02-01,22,48.903384055351786,16.592452348508107,16.382177452275897,81.42459065842768
2017-02-01,23,49.999651321610145,15.113499351834788,20.377192592013962,79.62211005120633
2017-02-01,24,59.84283249610961,14.716896823813594,30.997714721434964,88.68795027078426
2017-02-01,25,56.77695431550049,13.06473294351523,31.17007774621064,82.38383088479034
2017-02-01,26,51.677613024150446,12.307570856060334,27.55477414627219,75.8004519020287
2017-02-01,27,56.171327428740895,10.665930773120763,35.2661031134242,77.07655174405758
2017-02-01,28,55.37624476062723,10.93491810100811,33.94380528265134,76.80868423860312
2017-02-01,29,61.182932515767746,12.840620208492012,36.015316907123406,86.35054812441209
2017-02-01,30,61.40586335637276,13.178880675238723,35.57525723290486,87.23646947984066
2017-02-01,31,80.64975000882123,18.62860979943151,44.137674801935475,117.16182521570698
2017-02-01,32,99.4363438074465,23.32121189574928,53.72676849177792,145.1459191231151
2017-02-01,33,96.01254450794403,23.575960452390195,49.80366202125925,142.2214269946288
2017-02-01,34,82.75651482697039,22.63284674597978,38.39613520485002,127.11689444909075
2017-02-01,35,68.9956131871397,18.443251132738784,32.84684096697168,105.14438540730771
2017-02-01,36,73.79679142928241,18.46055570558476,37.61410224633628,109.97948061222854
2017-02-01,37,69.44095716237531,14.76747555687941,40.49670507089167,98.38520925385896
2017-02-01,38,68.44636927628034,13.776888623999069,41.443667573242166,95.4490709793185
2017-02-01,39,66.40375609561592,14.223256543499076,38.52617327035773,94.2813389208741
2017-02-01,40,65.0474117917341,14.102609435145842,37.40629729884826,92.68852628461995
2017-02-01,41,63.44462905601344,14.879565111629987,34.28068143721867,92.6085766748082
2017-02-01,42,63.58947599233058,14.62532014141488,34.92384851515742,92.25510346950374
2017-02-01,43,58.60123707612959,16.894381698784002,25.488248946512947,91.71422520574623
2017-02-01,44,58.603624663270836,21.52273758959745,16.41905898765983,100.78819033888183
2017-02-01,45,56.477255440603685,28.571752921509947,0.4766197144441904,112.47789116676319
2017-02-01,46,62.92960474359242,32.06281787184108,0.08648171478391475,125.77272777240093
2017-02-01,47,55.929360118887985,30.619970662002935,-4.0857823786377665,115.94450261641373
2017-02-01,48,54.18001529529285,25.839267989951015,3.5350500349888563,104.82498055559684
2017-02-01,49,49.01682386560273,21.288085550782473,7.292176186069085,90.74147154513638
2017-02-01,50,53.36404957913541,19.039085474944326,16.047442048244534,90.68065711002629
2017-02-01,51,56.51210160465001,18.840710082858454,19.584309842247443,93.43989336705258
2017-02-01,52,65.09534794223731,19.02608969217393,27.804212145576408,102.38648373889822
2017-02-01,53,69.02918510887116,19.285945651217997,31.228731632483886,106.82963858525844
2017-02-01,54,73.87393555037312,20.41563607979836,33.859288833968336,113.8885822667779
2017-02-01,55,74.37259327004185,20.218093158972014,34.745130678456704,114.00005586162699
2017-02-01,56,79.87596224199325,22.659337140653808,35.46366144631179,124.28826303767471
2017-02-01,57,80.63573017027355,23.80340175109632,33.98106273812476,127.29039760242233
2017-02-01,58,84.99079748773201,24.37784405197618,37.2102231458587,132.77137182960533
2017-02-01,59,83.10806421625367,22.61285896952189,38.78686063599076,127.42926779651657
2017-02-01,60,80.94716349669719,22.7284009383037,36.399497657621936,125.49482933577244
2017-02-01,61,73.35370260973545,21.422497210562522,31.36560807703291,115.341797142438
2017-02-01,62,71.85237479794912,21.490151617181674,29.731677628273047,113.9730719676252
2017-02-01,63,77.3759188862623,20.120244569324974,37.94023953038535,116.81159824213924
2017-02-01,64,83.30858431591616,19.861810525955363,44.37943568504365,122.23773294678867
2017-02-01,65,84.70795045930691,17.944046957436655,49.53761842273107,119.87828249588276
2017-02-01,66,84.77852920062213,18.335965964244178,48.84003591070354,120.71702249054073
2017-02-01,67,82.75209851953446,17.20049414797537,49.03912998950273,116.46506704956619
2017-02-01,68,78.47422223075182,18.680949087350033,41.859562019545756,115.08888244195788
2017-02-01,69,77.66832011871395,18.434869392619493,41.53597610917974,113.80066412824816
2017-02-01,70,78.87093315464409,20.233019656586723,39.214214627734115,118.52765168155406
2017-02-01,71,77.90055724280916,17.993815866738043,42.6326781440026,113.16843634161572
2017-02-01,72,71.79695640389201,16.414952062446652,39.62365036149657,103.97026244628745
2017-02-01,73,67.861973961763,15.205307249711199,38.05957175232905,97.66437617119695
2017-02-01,74,74.07317763935373,17.614372062112363,39.5490083976135,108.59734688109396
2017-02-01,75,78.44856431484794,18.779032435832942,41.64166074061538,115.2554678890805
2017-02-01,76,79.79742809487686,19.4997785456493,41.57786214540424,118.01699404434949
2017-02-01,77,80.46132036406146,19.287542407088,42.657737246168985,118.26490348195395
2017-02-01,78,76.71008612581261,20.488235855819273,36.55314384840683,116.86702840321838
2017-02-01,79,71.1501486588603,22.111710811613328,27.811195468098184,114.48910184962241
2017-02-01,80,56.7941038274098,22.834485194014484,12.038512847141412,101.54969480767818
2017-02-01,81,50.44781311283276,21.480892940578247,8.345262949299396,92.55036327636613
2017-02-01,82,50.535529439370634,20.18997816562323,10.963172234749102,90.10788664399217
2017-02-01,83,61.94444673352757,19.450826579033308,23.820826638622286,100.06806682843285
2017-02-01,84,69.42402032731297,21.49196827021817,27.29976251768536,111.54827813694058
2017-02-01,85,67.24511731624699,23.806132159877976,20.585098282886158,113.90513634960783
2017-02-01,86,63.15491028518005,26.290224126657222,11.626070996931894,114.6837495734282
2017-02-01,87,61.412578246406724,28.406794078107872,5.7352618533152935,117.08989463949816
2017-02-01,88,61.39497962808923,29.41745480389614,3.7367682124528017,119.05319104372566
2017-02-01,89,58.694340042935096,31.217838544604536,-2.492623504489792,119.88130359035998
2017-02-01,90,56.03893710547544,30.026047378585236,-2.81211575655162,114.8899899675025
2017-02-01,91,53.437871607151806,27.93147759727012,-1.3078244834976331,108.18356769780124
2017-02-01,92,54.81388937925516,25.218266187813025,5.386087651141629,104.2416911073687
2017-02-01,93,52.22843866052875,24.416720662452946,4.371666162120981,100.08521115893652
2017-02-01,94,48.806385277255856,27.739070572895052,-5.562193045618443,103.17496360013016
2017-02-01,95,45.187476762898484,28.36943186712761,-10.416609696671628,100.7915632224686
2017-02-01,96,44.79454823576714,29.78964835730942,-13.593162544559327,103.18225901609361
2017-02-01,97,48.27747126399038,33.21715445668105,-16.828151471104476,113.38309399908523
2017-02-01,98,49.44563998056526,35.542968059982854,-20.21857741700113,119.10985737813165
2017-02-01,99,48.3634213748029,39.37157981063396,-28.80487505403967,125.53171780364546
2017-02-01,100,48.901584421811435,36.271676147373974,-22.190900827041546,119.99406967066442
2017-02-01,101,46.72990897883528,37.51611401200541,-26.801674484695326,120.26149244236589
2017-02-01,102,42.65745963989343,37.98680745620233,-31.796682974263135,117.11160225405
2017-03-01,-26,-30.510735148232385,23.1838234115251,-75.95102903482157,14.92955873835681
2017-03-01,-25,-28.956049148268143,21.63247177582438,-71.35569382888393,13.443595532347643
2017-03-01,-24,-18.65469124212403,17.639237813897374,-53.22759735736288,15.91821487311482
2017-03-01,-23,-11.260881148931404,14.530827961054415,-39.74130395259806,17.21954165473525
2017-03-01,-22,-4.770002920313765,12.390028683968575,-29.05445914089217,19.51445330026464
2017-03-01,-21,1.7812808266904092,8.955127570939325,-15.770769212350668,19.333330865731487
2017-03-01,-20,3.850514136438715,8.304326646084345,-12.4259660898866,20.12699436276403
2017-03-01,-19,6.218928277558408,7.137515932422788,-7.770602949990257,20.208459505107072
2017-03-01,-18,-5.813944809132494,9.641768971395136,-24.71181199306696,13.083922374801972
2017-03-01,-17,-16.123962505500213,12.70201490846557,-41.01991172609273,8.771986715092304
2017-03-01,-16,-21.970759423986415,15.213228812953306,-51.78868789737489,7.847169049402062
2017-03-01,-15,-21.737844176906137,15.278168672484338,-51.68305477497544,8.207366421163165
2017-03-01,-14,-13.949646978763528,14.122349757435225,-41.629452503336566,13.730158545809513
2017-03-01,-13,-7.549371366571759,11.397849047782005,-29.889155500224486,14.79041276708097
2017-03-01,-12,0.1180654857914103,11.316530384247775,-22.062334067334227,22.29846503891705
2017-03-01,-11,1.7041787306534832,7.848828676321351,-13.679525474936364,17.087882936243332
2017-03-01,-10,3.927025802562423,9.866956585674801,-15.412209105360187,23.26626071048503
2017-03-01,-9,6.60677366451722,9.542894872156273,-12.097300284909075,25.310847613943515
2017-03-01,-8,12.384869187643694,8.394632910423699,-4.068611316786754,28.838349692074143
2017-03-01,-7,8.669897840675723,6.533217631909957,-4.135208717867792,21.475004399219237
2017-03-01,-6,3.3944195895626743,4.140607395638579,-4.721170905888941,11.51001008501429
2017-03-01,-5,-3.7594014655071692,4.063962611980612,-11.72476818498917,4.2059652539748305
2017-03-01,-4,-10.893034204055075,7.210218114709593,-25.02506170888588,3.238993300775727
2017-03-01,-3,-17.592406411791067,8.888061405244569,-35.01300676607042,-0.17180605751171285
2017-03-01,-2,-8.737972414982979,4.984174757282861,-18.506954939257383,1.0310101092914277
2017-03-01,0,12.047636588927235,7.252861276979901,-2.16797151395337,26.26324469180784
2017-03-01,1,7.378068555150069,9.123092920524536,-10.503193569078022,25.25933067937816
2017-03-01,2,10.43058719186056,12.201620596872182,-13.484589178008918,34.34576356173004
2017-03-01,3,9.68495205214517,13.874082299861636,-17.508249255583635,36.87815335987398
2017-03-01,4,9.47234650871762,14.392507310306518,-18.736967819483155,37.6816608369184
2017-03-01,5,4.05793357707941,12.52012665970796,-20.48151467594819,28.59738183010701
2017-03-01,6,-0.791952400756557,10.42270573358435,-21.220455638581882,19.636550837068768
2017-03-01,7,-5.402484322170622,9.374284537402625,-23.776082015479766,12.971113371138522
2017-03-01,8,-9.69359042475684,8.696511745432648,-26.738753445804832,7.351572596291151
2017-03-01,9,-10.085677354234736,8.265180969460463,-26.285432054377242,6.11407734590777
2017-03-01,10,-8.05064307970529,7.451779543291458,-22.656130984556548,6.554844825145967
2017-03-01,11,-2.280866164240141,10.949568935548104,-23.742021277914425,19.180288949434143
2017-03-01,12,1.958131954599466,13.864785531348346,-25.21684768684329,29.133111596042223
2017-03-01,13,5.2182487177764045,17.383439557640806,-28.853292815199573,39.28979025075238
2017-03-01,14,5.934272232178131,19.450474398104877,-32.188657588107425,44.05720205246369
2017-03-01,15,4.384625682866016,20.882237044143295,-36.54455892365484,45.31381028938687
2017-03-01,16,0.9294146237417067,22.29560346894404,-42.76996817538861,44.628797422872026
2017-03-01,17,-0.2055811405975021,22.089016672584407,-43.50005381886294,43.088891537667934
2017-03-01,18,-10.447560507501592,18.013786434119897,-45.75458191837659,24.859460903373403
2017-03-01,19,-15.511484735180801,13.427442643945597,-41.82927231731417,10.806302846952569
2017-03-01,20,-28.106878253058422,10.423231417931195,-48.53641183220356,-7.677344673913282
2017-03-01,21,-24.759833507713083,11.126209191707584,-46.56720352345995,-2.952463491966217
2017-03-01,22,-17.832564092854923,14.984208469790046,-47.20161269364341,11.536484507933565
2017-03-01,23,-10.012174107544539,18.205825581792237,-45.69559224785732,25.671244032768243
2017-03-01,24,-4.652960874004577,22.1584942904489,-48.08360968328442,38.77768793527527
2017-03-01,25,-5.884655596991919,24.63717895286784,-54.17352634461288,42.40421515062904
2017-03-01,26,-2.4918561029664374,27.007691396090692,-55.426931239304196,50.44321903337132
2017-03-01,27,-2.8424007245903766,28.282930191012323,-58.27694389897453,52.592142449793776
2017-03-01,28,-5.199453607767055,28.493365029636095,-61.0464490658538,50.64754185031969
2017-03-01,29,-7.0129908892987345,28.39394276960325,-62.6651187177211,48.63913693912363
2017-03-01,30,-10.43515139130885,27.378913668562465,-64.09782218169127,43.22751939907358
2017-03-01,31,-11.96400734664654,24.75951608276879,-60.49265886887337,36.56464417558029
2017-03-01,32,-16.50688543822075,22.294317733644505,-60.20374819616398,27.18997731972248
2017-03-01,33,-21.883938540596773,19.608212401747306,-60.316034848021495,16.54815776682795
2017-03-01,34,-24.63802434221944,21.671363345815223,-67.11389650001728,17.8378478155784
2017-03-01,35,-21.90450754617882,24.50618331599144,-69.93662684552204,26.127611753164402
2017-03-01,36,-14.75694016891994,29.017608300546605,-71.63145243799129,42.117572100151406
2017-03-01,37,-9.194743678319483,28.982161943774525,-65.99978108811754,47.610293731478585
2017-03-01,38,-12.260957780011083,29.323283729772612,-69.7345938903654,45.21267833034324
2017-03-01,39,-18.502699526484648,27.97788150212753,-73.3393472706546,36.33394821768531
2017-03-01,40,-25.78901501418173,28.37577025688479,-81.40552471767592,29.827494689312452
2017-03-01,41,-29.22250081494363,25.47408930525124,-79.15171585323606,20.706714223348804
2017-03-01,42,-42.316018210981085,20.752154174738855,-82.99024039346924,-1.6417960284929265
2017-03-01,43,-60.20083078856286,14.129543753835993,-87.8947365460814,-32.50692503104432
2017-03-01,44,-74.63440114442969,11.452486643532046,-97.0812749657525,-52.18752732310688
2017-03-01,45,-79.63806673602988,12.31903106163695,-103.7833676168383,-55.492765855221464
2017-03-01,46,-69.14070431504643,14.377961472135429,-97.32150880043187,-40.959899829661
2017-03-01,47,-59.787748332849155,18.701096283919842,-96.44189704933204,-23.13359961636627
2017-03-01,48,-49.766313281512836,22.99098666359892,-94.82864714216672,-4.70397942085895
2017-03-01,49,-49.95954058199612,27.172085314028628,-103.21682779749224,3.2977466334999903
2017-03-01,50,-47.449319801017296,29.486556073505596,-105.24296970508826,10.344330103053672
2017-03-01,51,-45.75552740205555,27.99892004497069,-100.6334106901981,9.122355886087
2017-03-01,52,-43.388191173487144,25.125984737793253,-92.63512125956191,5.858738912587633
2017-03-01,53,-50.084273287608795,23.529637960444255,-96.20236369007954,-3.9661828851380534
2017-03-01,54,-45.91641087153437,20.25037175890403,-85.60713951898626,-6.225682224082469
2017-03-01,55,-51.67391483376994,21.16811895792914,-93.16342799131105,-10.18440167622883
2017-03-01,56,-50.098091118223465,22.40090678017108,-94.00386840735878,-6.19231382908815
2017-03-01,57,-53.07907761414344,24.63128500754756,-101.35639622893666,-4.801758999350227
2017-03-01,58,-41.18260403017561,22.572001271330123,-85.42372652198264,3.0585184616314294
2017-03-01,59,-33.30041745879893,23.404405399041828,-79.17305204092091,12.57221712332305
2017-03-01,60,-22.624259748933554,22.633359915060236,-66.9856451824516,21.737125684584505
2017-03-01,61,-19.97139286690617,28.428120918990935,-75.6905098681284,35.74772413431606
2017-03-01,62,-13.288751848800331,32.00989342329331,-76.02814295845522,49.450639260854565
2017-03-01,63,-7.222566208891294,34.39183718373539,-74.63056708901266,60.18543467123007
2017-03-01,64,-0.4185238210351372,37.63428635648427,-74.1817250797443,73.34467743767402
2017-03-01,65,0.4917370304137876,39.86990047627709,-77.6532679030893,78.63674196391688
2017-03-01,66,-2.786517890839775,42.931470541854345,-86.93220015287429,81.35916437119474
2017-03-01,67,-6.6082524128565865,37.27071045453598,-79.65884490374711,66.44234007803394
2017-03-01,68,-7.42446345641622,34.18263293137878,-74.42242400191861,59.573497089086175
2017-03-01,69,-11.126508645720662,37.36743607527438,-84.36668335325844,62.11366606181711
2017-03-01,70,-5.524958855460113,38.672401379123066,-81.32286555854132,70.2729478476211
2017-03-01,71,-1.5622784082559633,39.53118739483795,-79.04340570213834,75.91884888562642
2017-03-01,72,11.24603718292974,36.39816154407523,-60.094359443457705,82.58643380931719
2017-03-01,73,13.122620672984453,41.73750837243807,-68.68289573699417,94.92813708296308
2017-03-01,74,22.172633960404312,42.68781048732614,-61.495474594754924,105.84074251556355
2017-03-01,75,34.872303374985165,45.83794743407268,-54.97007359579729,124.71468034576762
2017-03-01,76,45.047172279564336,46.33164183652123,-45.76284572001727,135.85719027914593
2017-03-01,77,51.03787462959775,47.13202355686593,-41.34089154185948,143.416640801055
2017-03-01,78,42.15795722309889,40.60582196940769,-37.42945383694018,121.74536828313796
2017-03-01,79,29.540500688432473,31.234378190192604,-31.67888056434503,90.75988194120998
2017-03-01,80,7.109457949783689,27.085368589058767,-45.977864484771494,60.19678038433887
2017-03-01,81,0.7838231494448564,23.181315588390596,-44.651555403800714,46.21920170269043
2017-03-01,82,6.657193698067658,32.2694665898744,-56.59096081808616,69.90534821422148
2017-03-01,83,22.1411852689223,35.52821285356754,-47.49411192407007,91.77648246191467
2017-03-01,84,27.301773680551207,44.06175138524285,-59.05925903452477,113.66280639562719
2017-03-01,85,35.470842184908804,41.2511635468046,-45.381438366828206,116.32312273664581
2017-03-01,86,51.79424302165137,42.40320777968791,-31.31604422653693,134.90453026983965
2017-03-01,87,62.01220828839274,43.82014613539574,-23.8752781369829,147.89969471376838
2017-03-01,88,64.82588559620785,44.96532266174688,-23.30614682081604,152.95791801323173
2017-03-01,89,53.803366916864775,43.290525369315965,-31.046062806994513,138.65279664072406
2017-03-01,90,56.00940222550719,31.618680909551106,-5.963212357212981,117.98201680822736
2017-03-01,91,34.824871864812735,29.4787821784688,-22.953541204986116,92.6032849346116
2017-03-01,92,26.61160349968219,25.779645161647867,-23.91650101714763,77.139708016512
2017-03-01,93,14.26300821473103,33.32934997672089,-51.06251773964192,79.58853416910398
2017-03-01,94,26.405129745654165,31.63453428262857,-35.59855744829783,88.40881693960617
2017-03-01,95,32.73022292774118,40.2083925293402,-46.07822642976561,111.53867228524797
2017-03-01,96,37.50122195851583,40.72367624849466,-42.317183488533715,117.31962740556537
2017-03-01,97,53.09344801633051,45.88426330385293,-36.83970805922124,143.02660409188226
2017-03-01,98,66.3899583091794,47.10336588957232,-25.932638834382345,158.71255545274116
2017-03-01,99,79.75069775154282,51.9218947994054,-22.016216055291764,181.51761155837738
2017-03-01,100,79.1987211767771,57.91972810130198,-34.32394590177478,192.72138825532897
2017-03-01,101,80.53336094858025,56.07863117390075,-29.38075615226522,190.44747804942574
2018-01-01,-36,-23.64778652106871,17.49288838103845,-57.933847747904075,10.638274705766655
2018-01-01,-35,-22.13797847350601,16.715023343817805,-54.899424227388906,10.623467280376886
2018-01-01,-34,-18.386282304774547,13.846742292667257,-45.52589719840237,8.753332588853276
2018-01-01,-33,-16.124518101442426,11.950447486232711,-39.54739517445854,7.298358971573688
2018-01-01,-32,-13.730081296510775,10.250541242211419,-33.82114213124515,6.3609795382236065
2018-01-01,-31,-12.705817530301879,10.620442681055502,-33.52188518517066,8.110250124566907
2018-01-01,-30,-11.274820405413323,9.97789960645762,-30.83150363407026,8.281862823243614
2018-01-01,-29,-11.458853835305902,9.97281650712758,-31.00557418927596,8.087866518664157
2018-01-01,-28,-12.70355279272362,8.509287267376472,-29.381755836781505,3.974650251334264
2018-01-01,-27,-14.955930465527068,9.115207795116914,-32.82173774395622,2.909876812902084
2018-01-01,-26,-17.00329485480922,9.838005704941574,-36.285786036494706,2.279196326876267
2018-01-01,-25,-16.71581861518409,9.77583855628724,-35.87646218550708,2.444824955138902
2018-01-01,-24,-11.380572081495032,7.536006140666374,-26.151144117201127,3.3899999542110617
2018-01-01,-23,-9.512255182546092,7.1462666660393035,-23.518937847983125,4.494427482890943
2018-01-01,-22,-7.392297829405827,7.176238273672727,-21.45772484580437,6.673129186992718
2018-01-01,-21,-9.182716965878306,7.382082110198694,-23.651597901867746,5.286163970111135
2018-01-01,-20,-5.556388964536083,7.323656671019925,-19.910756039735134,8.797978110662969
2018-01-01,-19,-5.704606650163477,9.112930574407732,-23.56595057600263,12.156737275675678
2018-01-01,-18,-5.359400913869479,9.293755285165634,-23.575161272794123,12.856359445055165
2018-01-01,-17,-8.046573929542753,8.761736663017555,-25.21957778905716,9.126429929971653
2018-01-01,-16,-9.075429878423412,7.246880135351914,-23.27931494371316,5.128455186866338
2018-01-01,-15,-11.147316722071075,7.012967295186218,-24.89273262063606,2.5980991764939123
2018-01-01,-14,-11.841661177800514,6.827234304164842,-25.223040413963602,1.5397180583625758
2018-01-01,-13,-13.130475096835667,8.84198271927301,-30.460761226610767,4.199811032939433
2018-01-01,-12,-8.984226409209047,7.320655285837936,-23.332710769451403,5.3642579510333075
2018-01-01,-11,-8.186984127487586,7.1399106119977915,-22.181208927003254,5.807240672028085
2018-01-01,-10,-6.3248484169992985,9.32436296618223,-24.60059983071647,11.950902996717872
2018-01-01,-9,-5.210906311679063,9.796974017086951,-24.41297538516949,13.991162761811362
2018-01-01,-8,1.6068425575138718,8.532972262210947,-15.117783076419585,18.33146819144733
2018-01-01,-7,4.560866086078239,7.644092069829589,-10.421554370787755,19.54328654294423
2018-01-01,-6,4.958189741519561,8.085693176855537,-10.889768885117292,20.806148368156414
2018-01-01,-5,3.118542846197773,7.025938321103672,-10.652296263165423,16.88938195556097
2018-01-01,-4,0.6453857941784964,4.78250079926057,-8.728315772372222,10.019087360729214
2018-01-01,-3,-0.17309154862997644,3.3535983765672905,-6.7461443667018655,6.399961269441913
2018-01-01,-2,-2.9105242092880577,3.068260650259685,-8.92431508379704,3.103266665220925
2018-01-01,0,-0.5712326020806948,2.673771364523463,-5.811824476546682,4.669359272385292
2018-01-01,1,2.070235737823154,5.714638602111184,-9.130455922314766,13.270927397961074
2018-01-01,2,3.0231962301228563,8.114577486982963,-12.88137564436375,18.927768104609463
2018-01-01,3,4.999317107857792,10.189173203116496,-14.971462370250542,24.970096585966125
2018-01-01,4,8.518480959882403,9.766915104713137,-10.624672645355346,27.661634565120153
2018-01-01,5,10.053411966699642,10.475546732869516,-10.478659629724607,30.58548356312389
2018-01-01,6,10.133546298706513,10.851037968857145,-11.134488120253494,31.40158071766652
2018-01-01,7,9.710384265577915,10.3699450183305,-10.614707970349862,30.03547650150569
2018-01-01,8,8.944727257127909,7.94585281084933,-6.629144252136779,24.518598766392596
2018-01-01,9,6.83609860529522,8.384751096109278,-9.598013543078967,23.270210753669407
2018-01-01,10,0.19365134012386065,7.3772574849674974,-14.265773330412435,14.653076010660156
2018-01-01,11,0.19760120529807068,6.954937579016584,-13.434076449574434,13.829278860170575
2018-01-01,12,4.304870078662788,7.1839370987505875,-9.775646634888364,18.38538679221394
2018-01-01,13,12.75866496923311,8.99905602026523,-4.879484830486742,30.39681476895296
2018-01-01,14,14.71733747188987,10.71561854633843,-6.285274878933453,35.71994982271319
2018-01-01,15,16.08903617791546,10.051593012123472,-3.6120861258465453,35.790158481677466
2018-01-01,16,15.396722533293214,11.954670761349002,-8.034432158950828,38.82787722553726
2018-01-01,17,18.058622533344092,11.830872157850225,-5.129886896042347,41.247131962730535
2018-01-01,18,18.344533992011506,12.940249236325343,-7.018354511186164,43.70742249520917
2018-01-01,19,19.694066014466756,10.989994616113105,-1.8463234331149287,41.234455462048444
2018-01-01,20,18.278407487537407,11.39115947669556,-4.048265086785889,40.605080061860704
2018-01-01,21,20.65101670463298,9.99814231269181,1.0546577717570322,40.247375637508924
2018-01-01,22,17.279068474877207,9.158543921188066,-0.671677610651404,35.22981456040581
2018-01-01,23,17.304511166652233,9.633555701396988,-1.5772580080858631,36.18628034139033
2018-01-01,24,14.785882518007014,9.830193081275688,-4.481295921293334,34.053060957307366
2018-01-01,25,20.62647795334867,12.238501040863198,-3.3609840867432013,44.61393999344054
2018-01-01,26,25.245910706622297,13.024323605619816,-0.281763560392541,50.773584973637135
2018-01-01,27,27.233381812725327,15.655694577685187,-3.4517795595376413,57.918543184988295
2018-01-01,28,29.853921957869503,13.590993786822029,3.2155741356983256,56.49226978004068
2018-01-01,29,26.84488343399717,13.455059226951013,0.4729673491731816,53.216799518821155
2018-01-01,30,30.20824755068959,11.210734061630568,8.23520878989368,52.18128631148551
2018-01-01,31,24.657545382241864,9.13885427123238,6.745391010626399,42.56969975385733
2018-01-01,32,25.904213219796844,8.767276909179573,8.720350477804882,43.0880759617888
2018-01-01,33,23.061134391406725,12.85674314735216,-2.1380821774035077,48.260350960216954
2018-01-01,34,22.101019905873983,19.170580711503547,-15.47331828867297,59.67535810042094
2018-01-01,35,17.195958300576535,21.247707117320164,-24.449547649370984,58.841464250524055
2018-01-01,36,16.055946400748525,18.574318504570307,-20.349717868209275,52.461610669706324
2018-01-01,37,14.70253895968608,13.889159596090487,-12.520213848651274,41.925291768023435
2018-01-01,38,22.40838283002789,10.379489231110732,2.0645839370508554,42.752181723004924
2018-01-01,39,28.35349172727031,10.678979352069486,7.422692197214118,49.2842912573265
2018-01-01,40,33.09140696567654,12.0194352482533,9.533313879100074,56.649500052253
2018-01-01,41,31.10439330396389,13.089261108321548,5.449441531653655,56.75934507627412
2018-01-01,42,29.762636685028212,14.206755947871642,1.9173950271997953,57.60787834285663
2018-01-01,43,33.370296013886275,15.000440591079892,3.969432455369688,62.771159572402865
2018-01-01,44,35.94309913890015,16.242287531224097,4.108215577700921,67.77798270009939
2018-01-01,45,37.81062667745624,16.72806918438805,5.0236110760556585,70.59764227885682
2018-01-01,46,35.94802645789949,15.866410174192692,4.84986251648181,67.04619039931717
2018-01-01,47,40.01729926036822,17.645354846304365,5.432403761611667,74.60219475912477
2018-01-01,48,39.304339973873994,17.443380355377418,5.115314477334259,73.49336547041372
2018-01-01,49,44.678553932285894,19.642844406891925,6.178578894777722,83.17852896979406
2018-01-01,50,42.69061125269704,19.08441051362444,5.285166645993137,80.09605585940093
2018-01-01,51,46.85855687296714,21.369901294824686,4.973550335110758,88.74356341082353
2018-01-01,52,42.354799312638676,22.9037508312322,-2.536552316576433,87.24615094185378
2018-01-01,53,43.82015411627148,23.92953808847544,-3.0817405371403765,90.72204876968334
2018-01-01,54,46.827196251231356,22.62006225207363,2.491874237167039,91.16251826529567
2018-01-01,55,52.00598339876251,22.467929313887094,7.968841943543808,96.04312485398121
2018-01-01,56,56.388161422332814,20.125528661197762,16.942125246385203,95.83419759828043
2018-01-01,57,57.03895994354667,20.457191269341767,16.94286505563681,97.13505483145653
2018-01-01,58,56.92283168093252,19.7228512668918,18.266043197824587,95.57962016404045
2018-01-01,59,55.31038804676683,19.27991568435317,17.521753305434615,93.09902278809905
2018-01-01,60,54.752046345916085,19.16524215459198,17.188171722915804,92.31592096891637
2018-01-01,61,56.331184946157066,18.374482134242854,20.317199963041077,92.34516992927306
2018-01-01,62,56.474455675948946,19.521069753599907,18.213158958893132,94.73575239300476
2018-01-01,63,61.070024342328566,20.81493592971988,20.2727499200776,101.86729876457953
2018-01-01,64,64.18136820095339,24.212264563054585,16.7253296573664,111.63740674454037
2018-01-01,65,69.92180907773724,25.82733843397965,19.30022574713712,120.54339240833735
2018-01-01,66,73.34679564787803,26.2679515826306,21.861610545922048,124.831980749834
2018-01-01,67,76.4530822575581,24.322809113025446,28.780376396028224,124.12578811908796
2018-01-01,68,75.75055410886978,26.124516828000854,24.546501125988108,126.95460709175146
2018-01-01,69,75.88881915095891,27.63530611045521,21.723619174466698,130.0540191274511
2018-01-01,70,71.99283407663097,30.275878265936633,12.652112675395173,131.33355547786675
2018-01-01,71,71.04751266102807,27.776748759067388,16.605085093255987,125.48994022880015
2018-01-01,72,70.83573206901315,24.3595561723379,23.091001971230867,118.58046216679543
2018-01-01,73,73.29303430195421,25.06184594262478,24.171816254409634,122.41425234949878
2018-01-01,74,75.78808451532575,27.110097794448905,22.652292838205895,128.92387619244562
2018-01-01,75,76.99660187447643,29.321599185583523,19.52626747073272,134.46693627822015
2018-01-01,76,78.87049978592893,30.402548589803995,19.281504549913095,138.45949502194475
2018-01-01,77,87.20484170607722,30.268550694111795,27.878482345618103,146.53120106653634
2018-01-01,78,89.88918499824734,31.270396478915973,28.599207899572036,151.17916209692265
2018-01-01,79,92.69052819839533,30.321145191811585,33.26108362244462,152.11997277434602
2018-01-01,80,83.93072947659232,29.402386053395148,26.302052811937827,141.55940614124682
2018-01-01,81,76.50949666708499,26.957758232173035,23.67229053202584,129.34670280214414
2018-01-01,82,72.33931062978553,27.162600978823335,19.100612711291795,125.57800854827926
2018-01-01,83,78.23471338820252,32.188746585289465,15.144770081035169,141.32465669536987
2018-01-01,84,77.73219647719162,33.13338515636606,12.790761570714139,142.6736313836691
2018-01-01,85,82.74791460599118,32.01922056130973,19.99024230582411,145.50558690615827
2018-01-01,86,77.2626125207808,34.34457000548364,9.947255310032872,144.57796973152875
2018-01-01,87,89.83437621692286,35.43112213983419,20.38937682284785,159.27937561099787
2018-01-01,88,88.82307478711107,38.82876319933165,12.718698916421047,164.9274506578011
2018-01-01,89,91.61577103231878,35.902742875077436,21.246394997167002,161.98514706747056
2018-01-01,90,92.37988824626325,37.053397170610694,19.755229791866284,165.00454670066023
2018-01-01,91,93.60055362581488,35.407311089451056,24.202223890490814,162.99888336113895
2019-01-01,-48,-51.31873209151405,13.931074196026067,-78.62363751572514,-24.013826667302958
2019-01-01,-47,-46.140500704476054,12.611930041107938,-70.85988358504761,-21.421117823904495
2019-01-01,-46,-40.8818345141642,10.880752047632232,-62.20810852752337,-19.555560500805022
2019-01-01,-45,-34.05942595033898,8.832518695540793,-51.37116259359893,-16.74768930707902
2019-01-01,-44,-29.933042606497565,8.128603274352889,-45.86510502422923,-14.000980188765903
2019-01-01,-43,-22.87326303663957,8.916139403179022,-40.348896266870454,-5.397629806408688
2019-01-01,-42,-20.486709594871996,9.215228441099418,-38.54855733942686,-2.4248618503171357
2019-01-01,-41,-19.459732736164938,9.622996611253487,-38.32080609422177,-0.5986593781081027
2019-01-01,-40,-23.869514704141054,9.571854595478431,-42.63034971127878,-5.108679697003328
2019-01-01,-39,-30.493942406885523,8.852345577773168,-47.844539739320936,-13.143345074450114
2019-01-01,-38,-33.29951868712949,9.039852778057632,-51.01763013212245,-15.581407242136532
2019-01-01,-37,-34.143112180789856,8.878535376146603,-51.545041518037195,-16.741182843542514
2019-01-01,-36,-30.313678055026088,9.47086765741267,-48.87657866355492,-11.750777446497256
2019-01-01,-35,-25.781334296897406,9.417584359732537,-44.23979964197318,-7.322868951821633
2019-01-01,-34,-19.826909178589695,9.487513330949023,-38.42243530724978,-1.2313830499296117
2019-01-01,-33,-13.697038417676879,7.82519457693905,-29.034419788477415,1.6403429531236586
2019-01-01,-32,-9.842401810050376,7.281268579635914,-24.113688226136766,4.428884606036016
2019-01-01,-31,-6.278671224045311,7.338547496591291,-20.66222431736424,8.104881869273619
2019-01-01,-30,-2.5342076762866483,8.11611639319223,-18.441795806943418,13.373380454370123
2019-01-01,-29,0.4135493506247485,7.061535040444916,-13.427059328647287,14.254158029896784
2019-01-01,-28,-2.465310855712218,6.771588201700327,-15.73762373104486,10.807002019620423
2019-01-01,-27,-7.875415499003381,6.076699283636309,-19.785746094930545,4.034915096923784
2019-01-01,-26,-20.831327952665383,6.479567707460495,-33.53128065928795,-8.131375246042813
2019-01-01,-25,-27.2724619845867,9.386740891696961,-45.67047413231274,-8.874449836860656
2019-01-01,-24,-21.829954624600582,9.952927198469979,-41.33769193360174,-2.322217315599424
2019-01-01,-23,-12.038678065087723,8.811571121521387,-29.30935746326964,5.232001333094196
2019-01-01,-22,2.331558232752343,7.629096035869747,-12.62146999755236,17.284586463057046
2019-01-01,-21,3.561107487895516,6.504177215505045,-9.187079854494373,16.309294830285403
2019-01-01,-20,8.212641431001442,6.486525504105174,-4.500948557044698,20.926231419047582
2019-01-01,-19,9.501896091299065,6.609429746806138,-3.4525862124409663,22.456378395039096
2019-01-01,-18,12.840354700583875,7.7356353030887135,-2.3214904934700034,28.002199894637755
2019-01-01,-17,11.663399747751642,6.997622496192733,-2.0519403447861144,25.3787398402894
2019-01-01,-16,7.226201517646919,4.935123802824649,-2.4466411358893936,16.89904417118323
2019-01-01,-15,0.4786283749477249,5.113448082697759,-9.543729867139882,10.500986617035332
2019-01-01,-14,-4.298912470075731,6.83789796515565,-17.701192481780808,9.103367541629344
2019-01-01,-13,-7.112749062150929,7.385816995482597,-21.588950373296818,7.36345224899496
2019-01-01,-12,-4.2268214224067435,7.5067971081078335,-18.9401437542981,10.48650090948461
2019-01-01,-11,-2.300506703507221,6.398735380501671,-14.842028049290496,10.241014642276054
2019-01-01,-10,3.250161439604982,6.776346223644647,-10.031477158738525,16.53180003794849
2019-01-01,-9,10.037838645488947,6.549107963571691,-2.798412963111568,22.87409025408946
2019-01-01,-8,17.214508277225576,6.47707723511541,4.519436896399373,29.90957965805178
2019-01-01,-7,21.680088497445478,6.5594945445100965,8.823479190205688,34.53669780468527
2019-01-01,-6,19.890994091258086,5.92720977840287,8.273662925588463,31.508325256927712
2019-01-01,-5,19.943219234508497,5.276977147961065,9.600344024504809,30.286094444512187
2019-01-01,-4,13.472289407377277,4.421569342368142,4.806013496335719,22.138565318418834
2019-01-01,-3,4.552677796634905,3.801771231042103,-2.8987938162076166,12.004149409477426
2019-01-01,-2,0.19296609074622761,2.0943969451084556,-3.912051921666345,4.2979841031588
2019-01-01,0,5.864090254563507,2.852808426983395,0.272585737676053,11.455594771450961
2019-01-01,1,9.45810832006659,5.278702721609161,-0.8881490142873663,19.804365654420543
2019-01-01,2,14.689489485727467,7.126582292366106,0.7213881926898988,28.657590778765034
2019-01-01,3,19.896314597215202,7.180569167101637,5.822399029695994,33.97023016473441
2019-01-01,4,22.20996923276725,6.962428301664102,8.56360976150561,35.85632870402889
2019-01-01,5,23.188672881597924,7.133265950003215,9.207471619591622,37.169874143604225
2019-01-01,6,23.70694037385421,7.4252357316697895,9.153478339781422,38.260402407926996
2019-01-01,7,23.00934395900648,7.613695036286733,8.086501687884484,37.93218623012847
2019-01-01,8,18.1515454555883,6.9130614652970195,4.60194498360614,31.701145927570458
2019-01-01,9,8.814360903147396,7.46049800590951,-5.808215188435243,23.436936994730033
2019-01-01,10,6.2734275928246745,7.335792094062824,-8.10472491153846,20.65158009718781
2019-01-01,11,2.779968534185585,9.48196630580759,-15.804685425197292,21.36462249356846
2019-01-01,12,8.243078352063847,8.06364686485702,-7.561669503055912,24.047826207183604
2019-01-01,13,13.919459977445293,10.044683292415835,-5.768119275689742,33.60703923058033
2019-01-01,14,24.38344573477019,10.217342632185433,4.357454175686744,44.40943729385364
2019-01-01,15,30.264941912142945,10.254008839870405,10.16708458599695,50.36279923828894
2019-01-01,16,28.102432842002813,9.007911195141457,10.446926899525558,45.75793878448007
2019-01-01,17,23.923588497572936,9.228064033379548,5.836582992149022,42.010594002996854
2019-01-01,18,18.13449527773038,9.064498217488728,0.36807877145247403,35.90091178400829
2019-01-01,19,13.12705265351245,8.646935878795198,-3.8209416689261353,30.075046975951036
2019-01-01,20,6.535097601296243,8.210482207305137,-9.557447525021825,22.62764272761431
2019-01-01,21,-4.201773304125531,10.768786380858252,-25.308594610607706,16.905048002356644
2019-01-01,22,-10.096655613841023,15.025710547049716,-39.54704828605847,19.35373705837642
2019-01-01,23,-16.078930613864344,18.52739965670378,-52.39263394100375,20.234772713275063
2019-01-01,24,-12.614341310737316,17.78333806802849,-47.46968392407315,22.24100130259852
2019-01-01,25,-8.36577877427218,13.511571183124756,-34.8484582931967,18.11690074465234
2019-01-01,26,-0.15768941477791998,9.293918824272863,-18.373770310352732,18.058391480796892
2019-01-01,27,6.9439646344691255,8.485143628031716,-9.686916876473038,23.57484614541129
2019-01-01,28,12.299961709877607,8.602980786535749,-4.5618806317324605,29.161804051487675
2019-01-01,29,14.58353290092802,8.8967601608545,-2.854117014346798,32.02118281620284
2019-01-01,30,14.82673511027565,9.893474973777986,-4.5644758383292015,34.2179460588805
2019-01-01,31,10.741058434776178,10.590811506647436,-10.016932118252797,31.499048987805153
2019-01-01,32,9.679942881917313,12.026426639777196,-13.89185333204599,33.251739095880616
2019-01-01,33,5.979596740051093,12.301075910841584,-18.13051204519841,30.089705525300598
2019-01-01,34,6.199125234661324,12.462175646717565,-18.226739032905105,30.624989502227752
2019-01-01,35,9.419497691529244,13.14796337950402,-16.350510532298635,35.189505915357124
2019-01-01,36,15.410056888472269,12.61725556376409,-9.319764016505346,40.139877793449884
2019-01-01,37,21.575114286769065,13.158923394172783,-4.216375565809589,47.366604139347714
2019-01-01,38,23.8956600077625,12.48464605917368,-0.5742462682179124,48.365566283742915
2019-01-01,39,25.31289411911365,13.728931156057966,-1.5958109467599613,52.22159918498726
2019-01-01,40,27.393249286787693,13.839550206403276,0.2677308822372737,54.51876769133811
2019-01-01,41,28.78580609857198,14.742935957413417,-0.11034837795831365,57.68196057510228
2019-01-01,42,36.41870698922443,15.038011245652534,6.944204947745465,65.8932090307034
2019-01-01,43,37.61361089072227,15.251140633757268,7.721375248558026,67.50584653288652
2019-01-01,44,39.06700084151589,13.83238340847593,11.955529360903068,66.17847232212871
2019-01-01,45,35.77262522454117,12.407706848823205,11.45351980084769,60.09173064823466
2019-01-01,46,36.927817854828504,12.079433802962484,13.252127601022035,60.60350810863497
2019-01-01,47,41.22094705335908,11.707473293826018,18.274299397460087,64.16759470925808
2019-01-01,48,44.54288239099293,12.455852436031643,20.12941161637091,68.95635316561496
2019-01-01,49,45.9215903476167,12.219706994378956,21.970964638633944,69.87221605659946
2019-01-01,50,48.08644232716961,14.130491926838149,20.390678150566835,75.78220650377239
2019-01-01,51,50.58329448821826,14.924086298631169,21.332085342901166,79.83450363353535
2019-01-01,52,57.80498778724001,16.9968481426882,24.491165427571133,91.11881014690888
2019-01-01,53,67.53642008364386,18.298206108461056,31.67193611106019,103.40090405622753
2019-01-01,54,72.63208197452542,19.24157610141306,34.91859281575582,110.34557113329501
2019-01-01,55,72.16566470913597,18.319159767682756,36.26011156447777,108.07121785379417
2019-01-01,56,60.68493391680619,18.07578463682556,25.25639602862809,96.11347180498429
2019-01-01,57,54.77428177000485,19.11933230875635,17.300390444842407,92.24817309516729
2019-01-01,58,48.18081790207248,21.72869022055804,5.592585069778721,90.76905073436623
2019-01-01,59,47.849182616571625,20.794026885443103,7.0928899211031435,88.60547531204011
2019-01-01,60,49.70538892318939,17.54905155742317,15.309247870639979,84.1015299757388
2019-01-01,61,54.95076650492098,16.441832711938517,22.724774389521485,87.17675862032047
2019-01-01,62,58.954006525709474,17.23531790730274,25.172783427396105,92.73522962402285
2019-01-01,63,62.17588157967441,18.206728608462054,26.490693507088785,97.86106965226003
2019-01-01,64,67.70711081244531,19.94597688173196,28.61299612425067,106.80122550063994
2019-01-01,65,73.40124605881078,21.103940187369194,32.03752329156717,114.7649688260544
2019-01-01,66,76.00966966921135,21.85554840323277,33.17279479887512,118.84654453954758
2019-01-01,67,73.32178376000081,21.11582477149248,31.934767207875552,114.70880031212607
2019-01-01,68,68.31058989304847,18.77927662840834,31.503207701368126,105.11797208472882
2019-01-01,69,56.47224924389673,17.406234418044736,22.356029784529042,90.58846870326441
2019-01-01,70,41.43271272092068,17.9194539675414,6.310582944539533,76.55484249730182
2019-01-01,71,43.50224542047408,21.80830497668403,0.7579676661733856,86.24652317477478
2019-01-01,72,53.32071777992559,22.840116476990968,8.55408948502329,98.08734607482788
2019-01-01,73,67.73287478195715,22.681147102544873,23.2778264609692,112.18792310294509
2019-01-01,74,65.36472619688038,22.248730684711095,21.757214054846635,108.97223833891414
2019-01-01,75,71.73074519763367,23.017004942642153,26.617415510055046,116.84407488521228
2019-01-01,76,75.48663980615578,24.91988030606644,26.64367440626556,124.329605206046
2019-01-01,77,78.57897520371768,24.880711878986112,29.812779920904894,127.34517048653046
2019-01-01,78,79.21604692133133,27.24509756732316,25.815655689377934,132.61643815328472
2019-01-01,79,82.65630443640691,27.04089647075199,29.65614735373302,135.6564615190808
2019-10-01,-57,-13.00535126253746,17.63877354384279,-47.57734740846933,21.56664488339441
2019-10-01,-56,-13.392436678289528,17.433101764014165,-47.56131613575729,20.776442779178232
2019-10-01,-55,-17.14607774479188,16.529284218883024,-49.54347481380261,15.251319324218848
2019-10-01,-54,-20.999987629326114,14.643486578870304,-49.70122132391191,7.7012460652596815
2019-10-01,-53,-23.759501173117485,14.83696729162389,-52.839957064700315,5.320954718465341
2019-10-01,-52,-22.705433517694644,13.772102576787814,-49.69875456819876,4.287887532809471
2019-10-01,-51,-23.772674190846857,13.65810505364419,-50.54256009598947,2.997211714295755
2019-10-01,-50,-23.820886791950755,13.615536088656164,-50.507337525716835,2.8655639418153243
2019-10-01,-49,-24.326231091982834,13.622759774636005,-51.0268402502694,2.3743780663037377
2019-10-01,-48,-20.154663842252205,14.914267116391564,-49.38662739037967,9.077299705875259
2019-10-01,-47,-19.016992933421932,15.076649070724796,-48.567225112042536,10.533239245198668
2019-10-01,-46,-18.30603096006692,15.475925936289084,-48.638845795193525,12.026783875059685
2019-10-01,-45,-18.965037623350582,15.291243806267671,-48.935875483635215,11.005800236934054
2019-10-01,-44,-21.56260869979124,15.785732512527641,-52.50264442434542,9.377427024762934
2019-10-01,-43,-23.49466849341823,15.50812859374558,-53.89060053715957,6.901263550323105
2019-10-01,-42,-26.5887851492147,13.578908942657407,-53.20344667682322,0.025876378393814292
2019-10-01,-41,-28.256206638043153,13.061418538447677,-53.856586973400596,-2.655826302685707
2019-10-01,-40,-29.488989540757274,12.584019090443299,-54.153666958026136,-4.824312123488408
2019-10-01,-39,-26.59324504417951,13.799017736644204,-53.639319808002156,0.45282971964313035
2019-10-01,-38,-27.016803188253334,14.169877570172996,-54.789763225792406,0.7561568492857376
2019-10-01,-37,-22.67282430222393,15.740441657662114,-53.52408995124168,8.178441346793814
2019-10-01,-36,-18.20670895943661,16.542972167116066,-50.630934406984096,14.217516488110874
2019-10-01,-35,-10.690592057521187,17.854899957466714,-45.68619597415594,24.30501185911357
2019-10-01,-34,-7.49284456787521,19.1508335883859,-45.02847840111158,30.042789265361158
2019-10-01,-33,-7.066505247285249,19.756830564634278,-45.789893153968436,31.656882659397937
2019-10-01,-32,-8.138548089205727,18.30351333847837,-44.01343423262333,27.736338054211878
2019-10-01,-31,-21.176641045864386,17.16733642765537,-54.82462044406891,12.47133835234014
2019-10-01,-30,-21.447698795962992,15.545328481687575,-51.91654262007064,9.021145028144655
2019-10-01,-29,-22.110021978670105,11.752261924254642,-45.1444553502092,0.9244113928689934
2019-10-01,-28,-14.255956480789678,11.256389631070313,-36.31848015768749,7.8065671961081335
2019-10-01,-27,-16.100555715079736,10.202648779148237,-36.09774732221028,3.89663589205081
2019-10-01,-26,-15.495458719391905,10.742958072676364,-36.55165654183758,5.56073910305377
2019-10-01,-25,-15.168707677649735,10.234565777553723,-35.228456601655026,4.8910412463555595
2019-10-01,-24,-5.897830091737788,12.332428200744134,-30.06938936519629,18.273729181720714
2019-10-01,-23,-0.08863114376545411,11.896852938022805,-23.40646290229015,23.229200614759243
2019-10-01,-22,2.8584441765234914,12.096551520297815,-20.850796803260227,26.56768515630721
2019-10-01,-21,-1.3750959653413304,11.652105681215945,-24.21322310052458,21.46303116984192
2019-10-01,-20,0.3465997132939549,11.626672304154496,-22.441678002848857,23.134877429436767
2019-10-01,-19,-0.9449815701248809,10.190057349032129,-20.917493974227853,19.02753083397809
2019-10-01,-18,-1.8131191176136596,10.234456512168768,-21.872653881464444,18.246415646237125
2019-10-01,-17,-3.2831506539991153,8.695758010756736,-20.326836355082317,13.760535047084087
2019-10-01,-16,-4.594515955988953,9.191927700226854,-22.610694248433585,13.421662336455679
2019-10-01,-15,-7.30753542865105,8.692936927795884,-24.345691807130983,9.730620949828882
2019-10-01,-14,-11.072978084790087,7.7484950134369015,-26.260028311126412,4.11407214154624
2019-10-01,-13,-8.008363300050128,5.217888407658317,-18.235424579060428,2.218697978960174
2019-10-01,-12,0.6832009267440426,6.235617009290573,-11.53860841146548,12.905010264953566
2019-10-01,-11,0.9619333221811459,7.595629331929778,-13.925500168401218,15.84936681276351
2019-10-01,-10,4.790715232176488,8.381418931682372,-11.63686587392096,21.218296338273937
2019-10-01,-9,-1.635784620906179,6.946974829719166,-15.251855287155745,11.980286045343387
2019-10-01,-8,1.292591148605915,6.215060157267237,-10.888926759637869,13.474109056849699
2019-10-01,-7,-2.514729367653313,5.117667051769203,-12.545356789120952,7.515898053814325
2019-10-01,-6,-5.744805881718886,6.129183769382062,-17.758006069707726,6.268394306269956
2019-10-01,-5,-7.890294734010481,4.760963119268355,-17.221782447776455,1.4411929797554945
2019-10-01,-4,-8.574555278746404,4.74628732272235,-17.877278431282207,0.7281678737894008
2019-10-01,-3,-8.616149100386515,3.5579552046813614,-15.589741301561983,-1.6425568992110469
2019-10-01,-2,-7.101847163195542,2.9911283218869165,-12.964458674093898,-1.239235652297186
2019-10-01,0,12.660377766898495,2.9880050581300095,6.803887852963677,18.516867680833315
2019-10-01,1,13.882256899208445,4.31137556750939,5.431960786890041,22.332553011526848
2019-10-01,2,17.3275137308287,5.871602566409629,5.819172700665826,28.835854760991573
2019-10-01,3,7.764173700217356,5.076159573594296,-2.1850990640274652,17.713446464462177
2019-10-01,4,3.283153232439939,4.873079977907912,-6.268083524259567,12.834389989139446
2019-10-01,5,-6.273941041231929,6.319453099159013,-18.660069115583596,6.112187033119737
2019-10-01,6,-3.9412345091691616,5.981591818605651,-15.665154473636237,7.782685455297914
2019-10-01,7,1.3431295071952647,6.311480059984332,-11.027371410374025,13.713630424764554
2019-10-01,8,5.771916124244893,6.045241126199518,-6.076756483106163,17.620588731595948
2019-10-01,9,11.536253796150792,6.326221480760855,-0.863140306140485,23.93564789844207
2019-10-01,10,14.199302419844798,6.7386180633825505,0.9916110156149998,27.406993824074597
2019-10-01,11,21.490104674770127,8.713746182970462,4.41116215614802,38.56904719339224
2019-10-01,12,31.58829637150134,12.063950894518802,7.942952618244487,55.233640124758196
2019-10-01,13,44.825664416111415,15.721894849536167,14.010750511020529,75.6405783212023
2019-10-01,14,51.14968556002216,16.303419022882284,19.194984275172878,83.10438684487144
2019-10-01,15,46.53947455014505,14.790191299180423,17.550699603751422,75.52824949653868
2019-10-01,16,39.83793629970987,13.251513734364512,13.864969380355426,65.8109032190643
2019-10-01,17,34.19748382126734,11.55730740459765,11.545161308255949,56.84980633427873
2019-10-01,18,37.57576568614451,11.761703145092989,14.522827521762249,60.62870385052676
2019-10-01,19,34.41105989714668,11.009383540070731,12.832668158608048,55.98945163568531
2019-10-01,20,32.98430549338735,10.183847891059546,13.023963626910643,52.944647359864064
2019-10-01,21,22.94204055519993,9.48480588000089,4.351821030398188,41.53226008000168
2019-10-01,22,21.504337030390417,10.47936845401824,0.964774860514666,42.04389920026617
2019-10-01,23,17.246074185773097,11.091739798115887,-4.4937358185340415,38.985884190080235
2019-10-01,24,25.113760952456424,12.133986846651721,1.3311467330190503,48.896375171893794
2019-10-01,25,32.359566332384624,12.453953442930855,7.949817584240147,56.7693150805291
2019-10-01,26,37.88424008981909,13.978680720129844,10.486025878364593,65.28245430127359
2019-10-01,27,32.6765263590449,13.158834094319122,6.885211534179422,58.46784118391038
2019-10-01,28,33.14734392708276,14.242714691399325,5.231623131940083,61.063064722225434
2019-10-01,29,28.91631673235247,13.233560761651134,2.9785376395162473,54.85409582518869
2019-10-01,30,40.32282973785027,14.106531793952838,12.674027421702707,67.97163205399784
2019-10-01,31,45.604781128934945,13.47505849851645,19.193666471842704,72.01589578602719
2019-10-01,32,48.774889670553364,13.895764134922484,21.539191966105296,76.01058737500144
2019-10-01,33,34.26862427671435,12.641387243875789,9.491505278717803,59.045743274710894
2019-10-01,34,23.94398821655716,13.424633990762098,-2.3682944053365524,50.256270838450874
2019-10-01,35,15.216490484682424,12.193111158511202,-8.682007385999533,39.11498835536438
2019-10-01,36,14.52212585524859,13.12078145276483,-11.194605792170474,40.238857502667656
2019-10-01,37,13.55674473259566,13.409976635725378,-12.72680947342608,39.8402989386174
2019-10-01,38,14.914510152104896,13.450394771533514,-11.448263600100791,41.27728390431058
2019-10-01,39,9.481899734527389,12.325693674310967,-14.676459867122105,33.64025933617688
2019-10-01,40,2.3096551859210024,10.481772269177009,-18.234618461665935,22.85392883350794
2019-10-01,41,-1.7288439527585524,11.390997439340104,-24.055198933865157,20.597511028348052
2019-10-01,42,-0.030632622601956427,14.850119247499384,-29.13686634770075,29.075601102496837
2019-10-01,43,-3.499144047834875,16.41927609551387,-35.68092519504206,28.682637099372307
2019-10-01,44,-9.68750135591128,17.22544165478546,-43.44936699929078,24.07436428746822
2019-10-01,45,-18.441619940123047,17.196306949398938,-52.14638156094497,15.263141680698872
2019-10-01,46,-23.97034549351443,19.318949689337533,-61.835486884615996,13.894795897587137
2019-10-01,47,-22.58032263654593,21.492758196506603,-64.70612870169887,19.545483428607014
2019-10-01,48,-20.48997311880703,22.61169966300986,-64.80890445830636,23.828958220692293
2019-10-01,49,-21.190125001289147,21.270756314137294,-62.88080737699824,20.500557374419948
2019-10-01,50,-20.76801625165524,19.446080623468724,-58.88233427365394,17.34630177034346
2019-10-01,51,-12.719475566356948,17.328202053131797,-46.68275159049527,21.243800457781376
2019-10-01,52,-13.055986302904671,19.655665731906353,-51.58109113744112,25.46911853163178
2019-10-01,53,-12.500779787586453,22.97554299070989,-57.532844049377836,32.53128447420493
2019-10-01,54,-17.320842398200398,25.484663181091232,-67.27078223313922,32.62909743673842
2019-10-01,55,-20.60851761470218,26.487667328163415,-72.52434557790247,31.307310348498113
2019-10-01,56,-26.022594833504797,26.29234330389802,-77.55558770914492,25.51039804213532
2019-10-01,57,-28.649296549197516,28.45003348524395,-84.41136218027566,27.11276908188062
2019-10-01,58,-21.52490206271807,28.034782260086388,-76.47307529248738,33.42327116705125
2019-10-01,59,-17.121414562558925,26.709287180465026,-69.47161743627038,35.22878831115253
2019-10-01,60,-16.6036545272338,22.465078567253876,-60.635208519051396,27.427899464583795
2019-10-01,61,-15.918113388475092,21.368709334775637,-57.80078368463534,25.964556907685157
2019-10-01,62,-11.896266913899296,25.50911028029004,-61.89412306326778,38.101589235469184
2019-10-01,63,-17.53156482735659,25.965011413676606,-68.42298719816273,33.35985754344956
2019-10-01,64,-15.69698727435258,26.29279062770732,-67.23085690465892,35.83688235595376
2019-10-01,65,-21.562680014821183,29.88262672356127,-80.13262839300127,37.007268363358904
2019-10-01,66,-22.547170683196782,34.29371724719647,-89.76285648770185,44.66851512130829
2019-10-01,67,-28.17966007203819,37.01591488565837,-100.7308532479286,44.371533103852215
2019-10-01,68,-29.92196933422798,30.759778773797954,-90.21113573087197,30.36719706241601
2019-10-01,69,-25.67054049822275,28.48311510266116,-81.49744609943862,30.15636510299312
2019-10-01,70,-23.194914891717588,27.5617292374113,-77.21590419704373,30.82607441360856
2020-01-01,-60,-8.251252180057179,18.74572093428838,-44.9928652112624,28.49036085114804
2020-01-01,-59,-6.498938950741291,17.51297369910053,-40.82436740097833,27.82648949949575
2020-01-01,-58,2.9184415175515994,15.911290936972863,-28.267688718915213,34.10457175401841
2020-01-01,-57,9.55060159916404,14.54333581282575,-18.954336593974432,38.05553979230251
2020-01-01,-56,16.017330251183722,13.552771948937389,-10.546102768733562,42.580763271101006
2020-01-01,-55,17.319150002523628,12.670704068781877,-7.51542997228885,42.153729977336106
2020-01-01,-54,17.22922883827846,12.266137084676856,-6.81239984768818,41.2708575242451
2020-01-01,-53,18.688653289790665,12.406202422217566,-5.627503457755765,43.004810037337094
2020-01-01,-52,13.103685496586934,12.64300220855143,-11.676598832173866,37.883969825347734
2020-01-01,-51,11.199352498037868,13.166439757221626,-14.606869426116518,37.005574422192254
2020-01-01,-50,8.120138059011438,13.552553228691117,-18.442866269223153,34.68314238724603
2020-01-01,-49,9.224076727811408,13.57699359134964,-17.386830711233884,35.8349841668567
2020-01-01,-48,12.326347014743178,12.628273703340716,-12.425069443804624,37.07776347329098
2020-01-01,-47,13.51402292207186,11.67359734124797,-9.36622786677416,36.39427371091788
2020-01-01,-46,16.057914441665417,10.878153978629788,-5.263267356448967,37.3790962397798
2020-01-01,-45,14.57751932279568,10.992716434438183,-6.968204888703159,36.12324353429452
2020-01-01,-44,18.62653936394085,10.527702886825905,-2.0077582942379237,39.260837022119624
2020-01-01,-43,20.364582041242727,9.905546134227693,0.9497116181564493,39.779452464329005
2020-01-01,-42,19.7496608961701,9.809953434972883,0.5221521636232502,38.97716962871695
2020-01-01,-41,20.048857633504383,9.302531030459402,1.8158968138039562,38.28181845320481
2020-01-01,-40,16.35172294920065,9.061076356298505,-1.4079867091444207,34.11143260754572
2020-01-01,-39,20.35239156380463,9.223074977603938,2.275164607700912,38.429618519908345
2020-01-01,-38,15.653578989974008,10.122221977145534,-4.185976085231239,35.493134065179255
2020-01-01,-37,15.182602402888193,11.67574846662509,-7.701864591696982,38.06706939747337
2020-01-01,-36,12.947421364441055,10.95113238064235,-8.516798101617951,34.41164083050006
2020-01-01,-35,17.669935834857824,9.450768998833668,-0.853571402856165,36.19344307257181
2020-01-01,-34,19.892142911348003,8.498932235560783,3.2342357296488693,36.55005009304713
2020-01-01,-33,20.440042465979516,8.001516211307578,4.757070691816663,36.12301424014237
2020-01-01,-32,20.396678927193356,7.209140312045891,6.266763915583411,34.5265939388033
2020-01-01,-31,21.47812203905145,6.912748068121527,7.9291358255332565,35.02710825256964
2020-01-01,-30,18.089294893160986,7.300234824244368,3.780834637642023,32.39775514867995
2020-01-01,-29,14.777731097803553,7.3942629631317365,0.28497569006534995,29.270486505541754
2020-01-01,-28,14.065262563253732,7.316001975832631,-0.2741013093782243,28.40462643588569
2020-01-01,-27,14.516874499075307,6.98992563908287,0.8166202464728833,28.21712875167773
2020-01-01,-26,11.399454472126031,7.626330549282869,-3.5481534044683922,26.347062348720456
2020-01-01,-25,14.184090327318131,7.703376818793106,-0.9145282375163557,29.28270889215262
2020-01-01,-24,15.311027170060072,8.027885043534715,-0.4236275152679685,31.04568185538811
2020-01-01,-23,18.822874460860476,7.419140808792966,4.281358475626263,33.36439044609469
2020-01-01,-22,14.553219857164809,5.963430047130937,2.864896964788173,26.241542749541445
2020-01-01,-21,15.420533472160777,5.7258126708554595,4.197940637284077,26.643126307037477
2020-01-01,-20,13.435741130091285,5.472356914022295,2.709921578607588,24.161560681574983
2020-01-01,-19,12.469224366190923,5.240399180683637,2.198041972050996,22.74040676033085
2020-01-01,-18,8.128651144544872,4.795135632137755,-1.2698146944451274,17.52711698353487
2020-01-01,-17,8.204178059805129,5.2362124870962745,-2.0587984149035687,18.467154534513824
2020-01-01,-16,5.341667151857738,5.04389247111375,-4.544362091525212,15.227696395240688
2020-01-01,-15,9.747824226460999,4.998164978427047,-0.04857913125601243,19.54422758417801
2020-01-01,-14,4.281810426329649,5.979337735245703,-7.437691534751927,16.001312387411225
2020-01-01,-13,4.145132958367391,5.771520090589451,-7.167046419187933,15.457312335922715
2020-01-01,-12,2.1974634320168,5.276278897358508,-8.144043206805875,12.538970070839476
2020-01-01,-11,7.209477290186584,4.134087912022884,-0.8933350173782681,15.312289597751436
2020-01-01,-10,10.015081799002107,4.647454740179193,0.9060705082508882,19.124093089753327
2020-01-01,-9,8.929394460934654,5.476996807980405,-1.805519282706939,19.664308204576248
2020-01-01,-8,5.907473089656547,6.367473629013913,-6.572775223210723,18.387721402523816
2020-01-01,-7,4.632439945071139,6.366297090242585,-7.845502351804328,17.110382241946606
2020-01-01,-6,2.5978201464727917,6.268132096195936,-9.687718762071244,14.883359055016827
2020-01-01,-5,3.1286533957197094,6.2842359091211355,-9.188448986157717,15.445755777597135
2020-01-01,-4,0.6824863912413921,5.799724818842098,-10.684974253689118,12.049947036171902
2020-01-01,-3,0.9869068071804739,3.8032381640050623,-6.467439994269448,8.441253608630396
2020-01-01,-2,-0.8607177294163029,2.3025118010869208,-5.373640859546668,3.6522054007140623
2020-01-01,0,-0.04673155069111701,3.0394005085449782,-6.003956547439274,5.91049344605704
2020-01-01,1,3.461197412874448,5.484753278912789,-7.288919013794619,14.211313839543514
2020-01-01,2,5.831115911305034,7.359170437862965,-8.592858146906378,20.255089969516447
2020-01-01,3,7.1630311761852035,6.785173968927954,-6.135909802913586,20.461972155283995
2020-01-01,4,3.6799632410452503,5.667474529172386,-7.428286836132626,14.788213318223127
2020-01-01,5,1.0846806777554932,5.005673006905897,-8.726438415780065,10.89579977129105
2020-01-01,6,-1.5067312661609904,4.702691048876308,-10.724005721958553,7.710543189636573
2020-01-01,7,-5.103473602504675,3.789246039174081,-12.530395839285873,2.3234486342765246
2020-01-01,8,-10.339480189109242,4.0181707261865185,-18.215094812434817,-2.4638655657836663
2020-01-01,9,-18.481756603175725,7.182640613504981,-32.55973220564549,-4.403781000705962
2020-01-01,10,-26.969122931828668,11.267435204651905,-49.0532959329464,-4.884949930710935
2020-01-01,11,-30.00897977733472,11.883385845701184,-53.30041603490904,-6.717543519760397
2020-01-01,12,-24.424569106425675,10.835185610750461,-45.66153290349658,-3.1876053093547725
2020-01-01,13,-13.438773273233279,8.370707669325755,-29.84536030511176,2.9678137586452014
2020-01-01,14,-5.803446201294001,7.887004591347803,-21.261975200335694,9.655082797747692
2020-01-01,15,-3.4484486317742125,7.7586185804904515,-18.655341049535497,11.758443785987073
2020-01-01,16,-6.358349820012201,6.988905732695911,-20.05660505609619,7.339905416071785
2020-01-01,17,-13.028404091614703,6.6465678072037795,-26.05567699373411,-0.0011311894952967805
2020-01-01,18,-15.659781915558412,6.379046675552447,-28.162713399641206,-3.1568504314756165
2020-01-01,19,-21.968318096540912,6.579897730237523,-34.86491764780646,-9.071718545275369
2020-01-01,20,-22.218531022360338,6.7806862799786405,-35.50867613111848,-8.928385913602202
2020-01-01,21,-27.147949326341333,7.460665946334894,-41.77085458115772,-12.525044071524942
2020-01-01,22,-22.760926721703143,9.080598163180538,-40.558899121536996,-4.96295432186929
2020-01-01,23,-20.58669125478516,9.135701384693725,-38.49266596878486,-2.6807165407854576
2020-01-01,24,-18.117072387765248,8.941951933211044,-35.64329817685889,-0.5908465986716003
2020-01-01,25,-20.405255327760315,9.47972878426116,-38.985523744912186,-1.824986910608441
2020-01-01,26,-20.931977370297588,11.029345196566483,-42.5494939555679,0.6855392149727173
2020-01-01,27,-16.038084741558947,11.417914618354112,-38.41719739353301,6.341027910415114
2020-01-01,28,-5.170813473568671,9.738941120928187,-24.259138070587916,13.917511123450574
2020-01-01,29,1.2456730850390159,9.267261532693386,-16.91815951904002,19.409505689118053
2020-01-01,30,2.8728226128862673,9.290604468721401,-15.336762145807679,21.082407371580214
2020-01-01,31,0.665369061820428,9.953870487882442,-18.84421709442916,20.174955218070014
2020-01-01,32,-1.1116150680223882,10.766744376404192,-22.214434045774606,19.99120390972983
2020-01-01,33,-6.801873087921962,11.324768485307663,-28.99841931912498,15.394673143281057
2020-01-01,34,-6.226136926471099,9.683427345721354,-25.205654524084952,12.753380671142754
2020-01-01,35,-6.257673557330861,9.291947555113452,-24.469890765353227,11.954543650691505
2020-01-01,36,-1.7301827744406353,9.178380364255142,-19.719808288380715,16.259442739499445
2020-01-01,37,2.80050989878589,10.078991008009208,-16.954312476912158,22.555332274483938
2020-01-01,38,8.023757300363258,11.52256575992306,-14.560471589085939,30.607986189812454
2020-01-01,39,16.738618752351584,11.873452822511002,-6.53334877976998,40.01058628447315
2020-01-01,40,18.911692278634064,12.903279583300604,-6.378735704635119,44.20212026190325
2020-01-01,41,23.062517164242877,15.114545227394101,-6.56199148144956,52.687025809935314
2020-01-01,42,21.505412288368177,16.699605144533617,-11.225813794917713,54.23663837165407
2020-01-01,43,22.52646220452931,16.9127632088332,-10.622553684783767,55.675478093842386
2020-01-01,44,18.28680180604789,15.61462913475049,-12.317871298063071,48.89147491015885
2020-01-01,45,10.855270563255601,13.415340898570994,-15.438797597943548,37.14933872445475
2020-01-01,46,3.3763691671113634,12.513184602936175,-21.14947265464354,27.902210988866265
2020-01-01,47,7.502694737963338,10.905999459646937,-13.873064202944658,28.878453678871335
2020-01-01,48,12.911892391121285,11.7963101484799,-10.208875499899321,36.03266028214189
2020-01-01,49,20.2852918513953,13.789787690142514,-6.742692021284029,47.31327572407463
2020-01-01,50,19.38922457451764,14.557572972595274,-9.143618451769097,47.92206760080438
2020-01-01,51,22.29315103279447,15.585870719131517,-8.255155576703302,52.84145764229224
2020-01-01,52,24.8524952730304,16.561568678901114,-7.6081793376157805,57.31316988367658
2020-01-01,53,31.302444408892256,17.91935081487029,-3.819483188253507,66.42437200603803
2020-01-01,54,31.291429359187134,18.103844475747383,-4.192105813277735,66.774964531652
2020-01-01,55,26.123818703205302,17.15913154022451,-7.508079115634736,59.75571652204534
2020-01-01,56,16.21092245879754,15.983021113212692,-15.115798923099334,47.537643840694415
2020-01-01,57,15.882055931717616,13.595372439345844,-10.764874049400238,42.528985912835466
2020-01-01,58,12.077261130533714,13.050695177332058,-13.502101417037117,37.656623678104545
2020-01-01,59,10.15907922475418,13.793187483253064,-16.875568242421824,37.19372669193018
2020-01-01,60,10.4433899882805,14.127900819482905,-17.247295617905994,38.13407559446699
2020-01-01,61,20.163019106357922,14.74404380147852,-8.73530674453998,49.06134495725583
2020-01-01,62,26.792948782087763,16.22111372142837,-5.000434111911844,58.58633167608737
2020-01-01,63,36.00489249862164,17.65997420338083,1.391343059995215,70.61844193724806
2020-01-01,64,41.819117471138554,20.46319273529646,1.7112597099574955,81.92697523231962
2020-01-01,65,39.63074231676808,20.773955249556447,-1.0862099723625604,80.34769460589871
2020-01-01,66,34.90723797278497,20.70539181846505,-5.675329991406528,75.48980593697647
2020-01-01,67,25.50988063980236,19.37792239738436,-12.470847259070986,63.49060853867571
