cohort,rel_time,att,se,ci_low,ci_high
2016-07-01,-18,-60.93001078818509,7.011025400105454,-74.67162057239179,-47.188401003978406
2016-07-01,-17,-56.27892739560404,6.564486221570423,-69.14532038988207,-43.41253440132601
2016-07-01,-16,-45.73844953322471,5.704986141549049,-56.920222370660845,-34.556676695788575
2016-07-01,-15,-35.750409960791885,4.535012440263897,-44.63903434370913,-26.861785577874645
2016-07-01,-14,-25.307630087850395,3.7143053971214655,-32.587668666208465,-18.027591509492325
2016-07-01,-13,-15.499419144768858,3.383683258470402,-22.131438331370845,-8.867399958166871
2016-07-01,-12,-11.282423292982749,3.3034136336128084,-17.757114014863852,-4.807732571101645
2016-07-01,-11,-6.450149281691772,2.9695312228585684,-12.270430478494566,-0.6298680848889777
2016-07-01,-10,-18.256844125540084,3.2020229324623335,-24.532809073166256,-11.980879177913911
2016-07-01,-9,-26.415268100621613,3.506617621303527,-33.28823863837653,-19.5422975628667
2016-07-01,-8,-38.141973672854505,4.5297569046951205,-47.02029720605694,-29.263650139652068
2016-07-01,-7,-39.68823793028551,4.663914181262915,-48.829509725560825,-30.546966135010194
2016-07-01,-6,-39.559366676341796,4.287737789508748,-47.96333274377894,-31.15540060890465
2016-07-01,-5,-34.41065871044979,3.8898031098174046,-42.0346728056919,-26.786644615207674
2016-07-01,-4,-25.374687167812553,3.3722505385126813,-31.984298223297408,-18.765076112327698
2016-07-01,-3,-15.175711832400804,2.465746272795287,-20.008574527079567,-10.342849137722041
2016-07-01,-2,-6.8342449923559165,2.051454154068833,-10.855095134330828,-2.8133948503810045
2016-07-01,0,5.803308573326109,1.1793772658939035,3.491729132174058,8.11488801447816
2016-07-01,1,8.468972281346062,1.9590249508141548,4.629283377750319,12.308661184941805
2016-07-01,2,0.2589889438161066,2.4521989207637347,-4.547320940880813,5.0652988285130265
2016-07-01,3,-10.282665833141998,2.4135819127044718,-15.013286382042763,-5.552045284241233
2016-07-01,4,-29.11358950096011,3.9057423997239025,-36.76884460441896,-21.45833439750126
2016-07-01,5,-30.81354389980095,4.808632891207715,-40.238464366568074,-21.38862343303383
2016-07-01,6,-29.504275609755457,5.393264963770391,-40.07507493874542,-18.93347628076549
2016-07-01,7,-12.436869395188609,5.3083064543577905,-22.841150045729876,-2.03258874464734
2016-07-01,8,-2.776774623345048,3.673427865847984,-9.976693240407098,4.423143993717001
2016-07-01,9,8.422840518320875,3.444092283478723,1.672419642702578,15.173261393939171
2016-07-01,10,11.823597815721648,3.1267287076372314,5.695209548752675,17.95198608269062
2016-07-01,11,12.08349084639579,3.2744935617050897,5.665483465453814,18.501498227337766
2016-07-01,12,13.29747473779021,3.1012906969389284,7.218944971789911,19.37600450379051
2016-07-01,13,11.458422077074484,3.177369558458143,5.2307777424965245,17.686066411652444
2016-07-01,14,1.2020456451536887,3.9252913249157095,-6.491525351681102,8.895616641988479
2016-07-01,15,-13.992853047623605,4.135515656698388,-22.098463734752443,-5.887242360494765
2016-07-01,16,-25.346607116812994,4.72432838772688,-34.60629075675768,-16.086923476868307
2016-07-01,17,-16.957560755190606,3.389058539713151,-23.600115493028383,-10.31500601735283
2016-07-01,18,-8.752971479960735,3.3774582838995184,-15.37278971640379,-2.133153243517679
2016-07-01,19,2.010569551337909,3.9063615762815727,-5.645899138173974,9.667038240849791
2016-07-01,20,-1.6018243709284548,4.638080841591829,-10.692462820448439,7.488814078591529
2016-07-01,21,1.9314102576942673,5.083888144574763,-8.033010505672268,11.895831021060802
2016-07-01,22,2.122918604351554,4.684718053205657,-7.059128779931534,11.304965988634642
2016-07-01,23,8.410595142396843,4.457751927398164,-0.3265986353035579,17.147788920097245
2016-07-01,24,10.956700318723819,4.509018011701649,2.119025015788587,19.79437562165905
2016-07-01,25,9.287971986824537,5.15101639597384,-0.8080201492841876,19.383964122933264
2016-07-01,26,-0.3399393754339428,4.997161432443955,-10.134375783024094,9.454497032156208
2016-07-01,27,-7.183751659404365,4.884596280098887,-16.757560368398185,2.390057049589455
2016-07-01,28,-17.593997538811394,5.298846120432581,-27.979735934859253,-7.208259142763534
2016-07-01,29,-13.898259370655225,4.977658288705243,-23.654469616517503,-4.142049124792949
2016-07-01,30,-7.089846759791271,5.540787576425379,-17.949790409585013,3.7700968900024723
2016-07-01,31,3.5788686035366766,5.5272898460907065,-7.2546194948011085,14.412356701874462
2016-07-01,32,7.179772524095995,5.702129684169022,-3.996401656875289,18.35594670506728
2016-07-01,33,9.85103719011326,4.99884549021131,0.053300029299093055,19.648774350927425
2016-07-01,34,16.88680377724819,5.208421014687382,6.678298588460921,27.09530896603546
2016-07-01,35,23.215861573861915,5.5347625641330325,12.367726948161172,34.06399619956266
2016-07-01,36,22.732457121353548,5.968181584843222,11.034821215060832,34.430093027646265
2016-07-01,37,23.484431166529433,6.089705523879066,11.548608339726464,35.4202539933324
2016-07-01,38,20.878221056334326,6.149541048515859,8.825120601243242,32.93132151142541
2016-07-01,39,15.499007303286675,6.349971267744673,3.0530636185071156,27.944950988066232
2016-07-01,40,5.963122309916145,6.45394055299132,-6.686601173946842,18.61284579377913
2016-07-01,41,-1.4482124999906318,6.6883162012835,-14.557312254506291,11.660887254525028
2016-07-01,42,-4.094599252764311,6.2722355014018705,-16.388180835511978,8.198982329983355
2016-07-01,43,1.091931326248556,6.820499255963628,-12.276247215440154,14.460109867937266
2016-07-01,44,9.500119613043523,6.669947731634128,-3.572977940959367,22.573217167046415
2016-07-01,45,17.706835716101637,7.322958517205094,3.3538370223796523,32.05983440982362
2016-07-01,46,9.571489493444332,7.466583369766559,-5.063013911298123,24.205992898186786
2016-07-01,47,-2.082826118989516,7.830353561676521,-17.430319099875497,13.264666861896465
2016-07-01,48,-15.024035078401198,7.956648888404464,-30.619066899673946,0.5709967428715519
2016-07-01,49,-26.31599200822123,8.187744135363797,-42.36397051353427,-10.268013502908186
2016-07-01,50,-49.71095770666615,8.803615024472784,-66.96604315463281,-32.45587225869949
2016-07-01,51,-83.18307345497247,10.300554396190943,-103.37216007150673,-62.993986838438225
2016-07-01,52,-116.55396889044329,12.498408695064041,-141.0508499327688,-92.05708784811776
2016-07-01,53,-135.24652340640364,13.89738308729794,-162.4853942575076,-108.00765255529967
2016-07-01,54,-132.2924235852324,14.715008058246479,-161.1338393793955,-103.4510077910693
2016-07-01,55,-117.83191152598745,14.327868398896406,-145.9145335878244,-89.7492894641505
2016-07-01,56,-96.23576574948902,13.849904076119664,-123.38157773868356,-69.08995376029448
2016-07-01,57,-72.48114148375028,12.263205323244943,-96.51702391731037,-48.44525905019019
2016-07-01,58,-43.32358073438441,10.361935155191338,-63.632973638559434,-23.014187830209384
2016-07-01,59,-18.672702967489045,8.78526544367737,-35.89182323709669,-1.4535826978814015
2016-07-01,60,-2.673250741689799,8.209934488505496,-18.76472233916057,13.418220855780973
2016-07-01,61,3.4106248298182607,8.397332951210558,-13.048147754554432,19.869397414190953
2016-07-01,62,3.6694761480743807,8.441571941583808,-12.876004857429884,20.214957153578645
2016-07-01,63,-6.944512060824934,8.717975596628193,-24.03174423021619,10.142720108566323
2016-07-01,64,-18.821260940283935,8.842332543311908,-36.152232725175274,-1.4902891553925954
2016-07-01,65,-26.37777603121384,9.39158906421814,-44.7852905970814,-7.970261465346287
2016-07-01,66,-20.122763739599463,9.028672416203738,-37.81896167535879,-2.4265658038401376
2016-07-01,67,-12.724926977903607,9.052078711467836,-30.467001252380566,5.017147296573352
2016-07-01,68,1.5482856852346742,9.072677803607725,-16.234162809836466,19.330734180305814
2016-07-01,69,15.191031849435092,9.67912233553905,-3.780047928221446,34.16211162709163
2016-07-01,70,33.219166806166584,9.760321207326841,14.088937239805976,52.349396372527195
2016-07-01,71,48.05249586621579,10.163045950365937,28.132925803498555,67.97206592893303
2016-07-01,72,58.9372203085199,10.089702565974822,39.161403279209246,78.71303733783054
2016-07-01,73,57.90297422237745,10.097714743393379,38.11145332532643,77.69449511942847
2016-07-01,74,50.045174441550216,9.641065228897988,31.14868659291016,68.94166229019027
2016-07-01,75,41.04770091582793,10.09237736795409,21.266641274637916,60.828760557017944
2016-07-01,76,30.33511590263953,9.525711122263344,11.664722103003378,49.00550970227568
2016-07-01,77,21.910463196054025,10.30164031807801,1.7192481726211284,42.10167821948692
2016-07-01,78,23.73647169896583,10.380416144481387,3.3908560557823115,44.08208734214935
2016-07-01,79,30.715315168910422,10.80363289060976,9.54019470331529,51.89043563450555
2016-07-01,80,44.55698520917309,10.548738635592443,23.881457483411904,65.23251293493428
2016-07-01,81,50.794795874584224,10.453930289481377,30.305092507200726,71.28449924196772
2016-07-01,82,66.3573773272052,11.123120112080816,44.5560619075268,88.1586927468836
2016-07-01,83,83.6829594154338,12.087462973516425,59.9915319873416,107.374386843526
2016-07-01,84,95.1342746786666,12.613121130245515,70.4125572633854,119.8559920939478
2016-07-01,85,94.38499229020704,12.667410595689338,69.55686752265593,119.21311705775814
2016-07-01,86,76.54112295746904,12.718243202125892,51.61336628130229,101.4688796336358
2016-07-01,87,49.99399905394279,12.798365657044807,24.909202366134966,75.07879574175061
2016-07-01,88,28.420984215130943,13.784393553227503,1.4035728508050376,55.43839557945685
2016-07-01,89,11.987193327389718,13.772812362416614,-15.007518902946845,38.98190555772628
2016-07-01,90,20.167687446049342,14.237054538771655,-7.736939449943101,48.072314342041786
2016-07-01,91,33.74282810093672,14.234224120271367,5.843748825204841,61.6419073766686
2016-07-01,92,48.975265836662516,14.490991395791223,20.572922700911718,77.37760897241331
2016-07-01,93,61.03529135306525,14.620736322679521,32.37864816061339,89.69193454551711
2016-07-01,94,75.10948336748248,14.748782473523129,46.20186971937715,104.01709701558781
2016-07-01,95,87.47031007713753,15.339914862366431,57.40407694689932,117.53654320737573
2016-07-01,96,89.51225260771088,15.325662355215576,59.47395439148835,119.5505508239334
2016-07-01,97,79.69169564831316,15.539791360906655,49.23370458093611,110.1496867156902
2016-07-01,98,68.80145855576035,15.341458019395644,38.732200837744884,98.87071627377581
2016-07-01,99,48.83786591732087,14.99646691215966,19.444790769487938,78.2309410651538
2016-07-01,100,37.59411684425453,15.610411014456057,6.99771125592066,68.1905224325884
2016-07-01,101,32.619344834430194,16.284391103852773,0.7019382708787596,64.53675139798163
2016-07-01,102,36.21034965736919,16.092087973902288,4.6698572285207085,67.75084208621767
2016-07-01,103,49.62982688682325,15.855187438576847,18.553659507212632,80.70599426643388
2016-07-01,104,57.74055835878687,16.024719073185356,26.332108975343573,89.14900774223017
2016-07-01,105,81.50086159368823,17.42306768624595,47.35164892864616,115.65007425873029
2016-07-01,106,97.98985735809174,18.020892942672635,62.668907190453375,133.3108075257301
2016-07-01,107,115.82009246834605,18.56680318551965,79.42915822472753,152.21102671196456
2016-07-01,108,119.29384124251533,18.33605423115847,83.35517494944472,155.23250753558594
2016-07-01,109,115.14419975160104,18.2531778444791,79.367971176422,150.92042832678007
2016-08-01,-19,-32.54929935469132,7.217006596656939,-46.69463228413892,-18.40396642524372
2016-08-01,-18,-29.69500469467815,6.619188373106965,-42.6686139059678,-16.7213954833885
2016-08-01,-17,-26.892439561539383,5.876195392347724,-38.40978253054092,-15.375096592537844
2016-08-01,-16,-21.579843280608454,4.7976401178541765,-30.98321791160264,-12.176468649614268
2016-08-01,-15,-18.601829501353738,4.005977530606851,-26.453545461343165,-10.75011354136431
2016-08-01,-14,-12.709654478587112,3.506143646487341,-19.5816960257023,-5.837612931471924
2016-08-01,-13,-10.88795351501183,3.3236216758349544,-17.402251999648342,-4.373655030375319
2016-08-01,-12,-7.628807336123948,3.2734549964508473,-14.044779129167608,-1.2128355430802875
2016-08-01,-11,-10.710142255446296,3.6722096996381177,-17.907673266737007,-3.512611244155586
2016-08-01,-10,-14.887342773936467,4.10212156930251,-22.92750104976939,-6.847184498103546
2016-08-01,-9,-18.22354252345482,4.735805992123418,-27.50572226801672,-8.941362778892922
2016-08-01,-8,-20.096795138711133,4.786059937502832,-29.477472616216684,-10.716117661205583
2016-08-01,-7,-18.447936167185123,4.337053769517766,-26.948561555439944,-9.947310778930301
2016-08-01,-6,-18.61051496735937,3.7312943487880927,-25.923851890984032,-11.29717804373471
2016-08-01,-5,-12.34443188721321,3.1793465674438965,-18.575951159403246,-6.1129126150231725
2016-08-01,-4,-6.945864866372044,2.4945885567045276,-11.835258437512918,-2.0564712952311694
2016-08-01,-3,-2.0112629006619613,2.179649368989711,-6.283375663881795,2.2608498625578726
2016-08-01,-2,-1.0253180375122772,0.9646979198402038,-2.916125960399077,0.8654898853745221
2016-08-01,0,-0.10547785704467838,1.0959342099697866,-2.2535089085854603,2.0425531944961035
2016-08-01,1,-3.2009557805807916,1.6398782318071037,-6.415117114922715,0.01320555376113175
2016-08-01,2,-4.664265083184887,2.488494914652887,-9.541715115904545,0.21318494953477174
2016-08-01,3,-11.674750122622783,3.7265002359095134,-18.978690585005427,-4.370809660240137
2016-08-01,4,-12.979449191204054,4.777373785620275,-22.343101811019793,-3.615796571388314
2016-08-01,5,-15.480104103851168,4.746083279994315,-24.782427332640026,-6.177780875062311
2016-08-01,6,-7.7306776374485615,3.7286348647825083,-15.038801972422277,-0.4225533024748458
2016-08-01,7,-3.4105744772576614,2.364070129502555,-8.04415193108267,1.2230029765673462
2016-08-01,8,1.8847685213111163,2.3815882933868546,-2.7831445337271186,6.552681576349351
2016-08-01,9,2.6018768579909093,2.453543839202524,-2.2070690668460378,7.410822782827856
2016-08-01,10,4.043884597658035,2.854708448141653,-1.5513439606996045,9.639113156015675
2016-08-01,11,5.927438619946869,2.9253842476662477,0.19368549452102357,11.661191745372715
2016-08-01,12,5.131776711509996,2.6923829229113934,-0.14529381739633518,10.408847240416328
2016-08-01,13,0.614070037290638,2.850548758942277,-4.973005530236224,6.2011456048175
2016-08-01,14,-4.222825439624998,3.413528387301933,-10.913341078736787,2.467690199486791
2016-08-01,15,-6.942967438648843,4.448720965683482,-15.662460531388469,1.7765256540907828
2016-08-01,16,-5.457956292714378,4.136362008043005,-13.565225828478667,2.6493132430499102
2016-08-01,17,-2.552280003080952,3.9227420570581932,-10.240854434915011,5.136294428753106
2016-08-01,18,-0.7824333753210198,3.7641817503554136,-8.16022960601763,6.5953628553755905
2016-08-01,19,-2.138569928836233,4.005445657213123,-9.989243416973954,5.712103559301488
2016-08-01,20,-1.8462321210983816,4.278490484267425,-10.232073470262534,6.539609228065771
2016-08-01,21,0.17411088458845825,4.239507125404456,-8.135323081204277,8.483544850381193
2016-08-01,22,4.443271928909795,4.383361169509842,-4.148115963329495,13.034659821149084
2016-08-01,23,7.2249159451170755,4.516244914279905,-1.6269240868715382,16.07675597710569
2016-08-01,24,6.408700314109488,4.493327570687088,-2.398221724437203,15.21562235265618
2016-08-01,25,2.411017554793844,4.366476685348694,-6.147276748489595,10.969311858077283
2016-08-01,26,-3.211525275165826,4.29079545766146,-11.621484372182287,5.198433821850635
2016-08-01,27,-8.483715355548512,4.6913806861708744,-17.678821500443426,0.7113907893464013
2016-08-01,28,-6.288327101362228,4.536924834008578,-15.18069977601904,2.6040455732945844
2016-08-01,29,-2.383616526442921,4.8912318299327815,-11.970430913111173,7.20319786022533
2016-08-01,30,3.188303860603938,5.022934115570644,-6.6566470059145235,13.033254727122399
2016-08-01,31,3.120219911423632,5.133145620573094,-6.940745504899631,13.181185327746896
2016-08-01,32,4.236911812386765,4.993883538158412,-5.551099922403724,14.024923547177254
2016-08-01,33,6.087261427450713,5.504898082144871,-4.702338813553235,16.87686166845466
2016-08-01,34,9.496648350005742,5.7608022919871384,-1.794524142289049,20.787820842300533
2016-08-01,35,9.54615076411389,6.090290461949488,-2.390818541307107,21.483120069534884
2016-08-01,36,10.261537756168863,5.916430995007124,-1.334666994045099,21.857742506382827
2016-08-01,37,13.364444955218119,6.30389409799763,1.0088125231427636,25.720077387293472
2016-08-01,38,14.750082270883581,6.8150587927240505,1.3925670371444419,28.10759750462272
2016-08-01,39,10.629802983890386,6.784311763235571,-2.667448072051334,23.927054039832107
2016-08-01,40,4.549036700255002,6.759073836172726,-8.69874801864354,17.796821419153545
2016-08-01,41,2.1599346867883185,6.383296589538424,-10.351326628706992,14.67119600228363
2016-08-01,42,6.597597538159846,6.916666706918692,-6.959069207400789,20.15426428372048
2016-08-01,43,10.068468576393286,6.958672056905823,-3.5705286551421267,23.7074658079287
2016-08-01,44,12.745382913825011,7.233289880363639,-1.4318652516877215,26.922631079337744
2016-08-01,45,8.849217896619905,7.097044438024591,-5.060989201908294,22.759424995148102
2016-08-01,46,2.994411397706159,7.251887004876957,-11.219287131852676,17.208109927264992
2016-08-01,47,-2.164420804518997,7.435291408719207,-16.737591965608644,12.408750356570648
2016-08-01,48,-5.132803058391431,7.514755158935257,-19.861723169904536,9.596117053121672
2016-08-01,49,-11.881910509449398,8.1242712187713,-27.805482098241143,4.041661079342349
2016-08-01,50,-21.74146933847139,9.633063809084677,-40.622274404277356,-2.8606642726654243
2016-08-01,51,-33.53205345551784,11.942845223805195,-56.940030094176024,-10.12407681685966
2016-08-01,52,-39.39496899612766,13.20375241837901,-65.27432373615052,-13.5156142561048
2016-08-01,53,-39.904543022065496,13.090198539323278,-65.56133215913913,-14.24775388499187
2016-08-01,54,-37.88937109837927,11.937491996264345,-61.28685541105739,-14.491886785701155
2016-08-01,55,-33.894884009168806,10.751204375773195,-54.96724458568427,-12.822523432653345
2016-08-01,56,-27.911860433200616,9.705596888986564,-46.93483033561428,-8.888890530786949
2016-08-01,57,-17.40748661450607,8.880288557960755,-34.81285218810915,-0.0021210409029883692
2016-08-01,58,-7.648412539847271,8.394151749488595,-24.100949968844915,8.804124889150373
2016-08-01,59,-2.3908918524450087,8.349483525800062,-18.75587956301313,13.974095858123114
2016-08-01,60,-1.1546994443708058,8.596595495831943,-18.004026616201415,15.694627727459803
2016-08-01,61,-1.2522686785363533,8.730451169862578,-18.363952971467004,15.859415614394297
2016-08-01,62,-5.093376872614073,9.10626906018478,-22.941664230576244,12.754910485348098
2016-08-01,63,-9.109709639284887,9.24061558695896,-27.221316189724448,9.001896911154674
2016-08-01,64,-10.729713240075512,9.85053097771684,-30.036753956400517,8.577327476249494
2016-08-01,65,-6.976596414831448,9.495543487521154,-25.587861650372908,11.634668820710012
2016-08-01,66,-4.622039479084322,9.579277716723842,-23.397423803863052,14.15334484569441
2016-08-01,67,-0.7918718995148595,9.264327471604568,-18.949953743859812,17.366209944830093
2016-08-01,68,3.5787143733509765,9.758766200042244,-15.548467378731821,22.705896125433775
2016-08-01,69,10.030972464258923,9.976199896082454,-9.522379332062687,29.584324260580534
2016-08-01,70,16.09645583697403,10.434311734622279,-4.354795162885637,36.5477068368337
2016-08-01,71,22.595060239277643,10.575314915322975,1.8674430052446134,43.32267747331068
2016-08-01,72,24.17681970259065,10.670996646031048,3.2616662763697946,45.0919731288115
2016-08-01,73,23.096720155186915,10.498323185537643,2.520006711533135,43.673433598840695
2016-08-01,74,18.418264918326997,10.347928839012758,-1.8636756061380062,38.700205442792
2016-08-01,75,14.138543434286873,9.982777838590104,-5.427701129349732,33.704787997923475
2016-08-01,76,11.576494065461418,10.401707324018753,-8.810852289615337,31.963840420538173
2016-08-01,77,12.303264289271397,10.51772374241508,-8.311474245862161,32.91800282440495
2016-08-01,78,15.590327298951252,10.587149674176105,-5.160486062433915,36.34114066033642
2016-08-01,79,19.05404126574308,10.597452182899824,-1.7169650127405731,39.825047544226734
2016-08-01,80,20.93247973805819,11.055769334137702,-0.7368281568517041,42.60178763296808
2016-08-01,81,26.47085793203803,11.96396682347938,3.0214829580184457,49.92023290605761
2016-08-01,82,34.05945980057845,12.817100869397269,8.937942096559805,59.180977504597095
2016-08-01,83,39.917092376130256,13.227506606011755,13.991179428347216,65.8430053239133
2016-08-01,84,40.80775409645912,13.066058684401055,15.198279075033053,66.41722911788519
2016-08-01,85,32.21048085938685,12.74852540713708,7.223371061398172,57.19759065737553
2016-08-01,86,21.13729802972057,12.600637920442608,-3.5599522943469424,45.83454835378808
2016-08-01,87,11.703387960558643,13.07876433380426,-13.930990133697705,37.33776605481499
2016-08-01,88,9.68907260902921,12.848498536634873,-15.49398452277514,34.87212974083356
2016-08-01,89,14.13007082548279,12.66429296019384,-10.691943376497136,38.952085027462715
2016-08-01,90,18.84611970204412,12.721756857330135,-6.0885237383229445,43.78076314241119
2016-08-01,91,20.722443070961276,13.107043892595781,-4.967362958526454,46.412249100449
2016-08-01,92,21.691218775566483,13.600421772716132,-4.965607898957135,48.3480454500901
2016-08-01,93,25.15098960950587,14.125176030824742,-2.5343554109106208,52.83633462992236
2016-08-01,94,28.887934796646448,14.93710847272036,-0.38879780988545676,58.164667403178356
2016-08-01,95,30.023579431816415,15.224564412916461,0.18343318250015272,59.86372568113268
2016-08-01,96,27.309543919961754,15.048871209502977,-2.1862436506640783,56.80533149058759
2016-08-01,97,24.40280105212429,14.344106077178619,-3.711646859145805,52.51724896339438
2016-08-01,98,18.147100118041635,13.84098292027201,-8.981226405691505,45.27542664177477
2016-08-01,99,15.555734296508092,13.937216380302383,-11.761209808884576,42.87267840190076
2016-08-01,100,13.060906137176914,14.870703596825418,-16.085672912600906,42.207485186954735
2016-08-01,101,13.692980290035507,15.246797992598394,-16.190743775457342,43.576704355528356
2016-08-01,102,17.876079970060687,15.320350882033726,-12.151807758725415,47.903967698846785
2016-08-01,103,18.33477946607752,14.911973851221802,-10.89268928231721,47.56224821447225
2016-08-01,104,27.28011668061754,16.06186606826575,-4.201140813183333,58.76137417441841
2016-08-01,105,28.80204384767103,17.18030650241372,-4.8713568970598615,62.47544459240192
2016-08-01,106,36.923169411786034,17.54276717247791,2.539345753729336,71.30699306984273
2016-08-01,107,35.71114462600315,17.70562803844666,1.0081136706476883,70.4141755813586
2016-08-01,108,32.852955684253516,17.383413954919046,-1.2185356673878118,66.92444703589484
2016-09-01,-20,-47.180341065079524,11.325068148283767,-69.37747463571571,-24.98320749444334
2016-09-01,-19,-47.12397180693682,11.581567898463092,-69.82384488792448,-24.42409872594916
2016-09-01,-18,-47.401993817605785,9.4560906451038,-65.93593148200924,-28.86805615320234
2016-09-01,-17,-42.82802268297749,6.79017497120217,-56.136765626533744,-29.519279739421236
2016-09-01,-16,-35.168384617138344,5.235485930644787,-45.42993704120212,-24.906832193074564
2016-09-01,-15,-27.706576393092906,6.481040103306347,-40.40941499557334,-15.003737790612467
2016-09-01,-14,-26.706336514463814,7.280429948452633,-40.975979213430975,-12.436693815496655
2016-09-01,-13,-27.116355035547073,7.91653380241066,-42.632761288271965,-11.59994878282218
2016-09-01,-12,-34.229040066800145,7.309771144928958,-48.556191510860906,-19.901888622739385
2016-09-01,-11,-35.11067744921519,5.936909249684472,-46.747019578596756,-23.47433531983362
2016-09-01,-10,-36.95345675273592,7.084525075475455,-50.83912590066781,-23.067787604804025
2016-09-01,-9,-38.2795627342955,7.445974699470091,-52.87367314525688,-23.685452323334125
2016-09-01,-8,-36.96372235489554,6.163416004161725,-49.04401772305252,-24.883426986738556
2016-09-01,-7,-28.40451325514705,5.441283924522845,-39.06942974721183,-17.739596763082275
2016-09-01,-6,-21.60736684847282,4.557965630441374,-30.540979484137914,-12.67375421280773
2016-09-01,-5,-14.666498022872915,4.465120515662726,-23.418134233571855,-5.914861812173973
2016-09-01,-4,-12.686753541959174,5.143084663074612,-22.767199481585415,-2.606307602332935
2016-09-01,-3,-4.002309176110062,4.080390192586376,-11.999873953579359,3.9952556013592346
2016-09-01,-2,-2.7862995639530603,4.398934809528638,-11.40821179062919,5.83561266272307
2016-09-01,0,-2.189744843844508,3.7551244573140794,-9.549788780180105,5.170299092491088
2016-09-01,1,-8.84698590104999,4.578088326672483,-17.820039021328057,0.1260672192280765
2016-09-01,2,-14.876705434819247,7.9819401524387565,-30.52130813359921,0.767897263960716
2016-09-01,3,-15.374760215146647,8.803949604244025,-32.630501439464936,1.8809810091716415
2016-09-01,4,-11.866692158406444,7.008618210995486,-25.603583851957595,1.8701995351447085
2016-09-01,5,-6.065546831794265,6.010202879345361,-17.845544475311172,5.714450811722642
2016-09-01,6,1.3585323554204294,6.342296086384748,-11.072367973893677,13.789432684734535
2016-09-01,7,5.673961899347475,5.369191043911675,-4.849652546719408,16.197576345414358
2016-09-01,8,8.07689029204706,6.928590612966987,-5.503147309368234,21.656927893462356
2016-09-01,9,9.070440941626728,7.893091604170113,-6.400018602546693,24.54090048580015
2016-09-01,10,10.835469358586455,8.339568385520357,-5.5100846770334435,27.181023394206353
2016-09-01,11,10.005471412876666,5.851113235607447,-1.4627105289139308,21.473653354667263
2016-09-01,12,1.231749217538642,6.310677128299286,-11.137177953927958,13.600676389005242
2016-09-01,13,-13.415627128678992,6.3439453422969585,-25.849759999581032,-0.9814942577769532
2016-09-01,14,-24.010494477881743,8.64227932890493,-40.949361962535406,-7.0716269932280795
2016-09-01,15,-24.750499068078724,7.9212830877362554,-40.27621392004178,-9.224784216115664
2016-09-01,16,-15.918376482286774,7.570718461826356,-30.756984667466433,-1.0797682971071172
2016-09-01,17,-2.7233400709091455,7.48115877535441,-17.386411270603787,11.939731128785498
2016-09-01,18,7.104549862871423,6.934856873188946,-6.487769608578912,20.696869334321757
2016-09-01,19,13.53367183146932,8.202933596566847,-2.5440780178016986,29.61142168074034
2016-09-01,20,13.840671126068557,8.49249404790685,-2.804617207828869,30.485959459965983
2016-09-01,21,12.935520985441869,8.594433572844856,-3.9095688173340477,29.780610788217786
2016-09-01,22,13.974408009918008,6.8661171090543,0.516818476171581,27.431997543664437
2016-09-01,23,14.982677785811568,7.881972995601263,-0.46598928556690744,30.43134485719004
2016-09-01,24,8.21770402510866,9.728486284939946,-10.850129093373635,27.285537143590954
2016-09-01,25,2.431389459892685,10.586300655501653,-18.317759824890555,23.180538744675925
2016-09-01,26,-12.087582030970424,11.211649302651372,-34.06241466416711,9.887250602226263
2016-09-01,27,-7.443839469103494,8.930707053931279,-24.9480252948088,10.060346356601812
2016-09-01,28,0.5494045666409022,7.374336125645718,-13.904294239624706,15.00310337290651
2016-09-01,29,14.174236408667,11.16475485581262,-7.708683108725733,36.057155926059735
2016-09-01,30,15.190667027296968,10.58460836316985,-5.55516536451594,35.93649941910988
2016-09-01,31,15.148388890712766,10.308029188762333,-5.055348319261405,35.35212610068694
2016-09-01,32,21.225151334316976,12.049001734443447,-2.3908920651921797,44.84119473382613
2016-09-01,33,21.95472590645086,10.613896083020025,1.1514895837316104,42.75796222917011
2016-09-01,34,20.481221458790344,8.451651877432043,3.915983779023538,37.046459138557154
2016-09-01,35,20.359594770652564,8.428691684502873,3.8393590690269335,36.879830472278194
2016-09-01,36,23.925064509353803,9.991011873640714,4.342681237018002,43.507447781689606
2016-09-01,37,21.844907553257585,10.81403317404431,0.6494025321307362,43.04041257438443
2016-09-01,38,16.154242378269004,10.23333381349724,-3.903091896185586,36.21157665272359
2016-09-01,39,-1.16103239045475,7.401320403713232,-15.667620381732684,13.345555600823184
2016-09-01,40,-0.6254719897740699,9.504437298997145,-19.25416909580847,18.00322511626033
2016-09-01,41,4.920915036169816,11.264994265538707,-17.15847372428605,27.000303796625683
2016-09-01,42,19.33480008045555,13.779660850268748,-7.673335186071196,46.3429353469823
2016-09-01,43,25.254978279399126,13.075415719925626,-0.3728365316550999,50.88279309045335
2016-09-01,44,21.246986543304033,10.745833959487774,0.18515198270799615,42.30882110390007
2016-09-01,45,17.384425249171983,11.248761040542904,-4.663146390292109,39.43199688863608
2016-09-01,46,8.926212894802589,10.895259425389755,-12.428495578961329,30.280921368566506
2016-09-01,47,9.753883093659795,12.729995864084648,-15.196908799946115,34.704674987265705
2016-09-01,48,-5.263620583772564,12.810087805409758,-30.37139268237569,19.84415151483056
2016-09-01,49,-19.15982855148188,15.715381385350497,-49.961976066768855,11.642318963805096
2016-09-01,50,-43.65396130363253,18.694517940799983,-80.2952164676005,-7.012706139664559
2016-09-01,51,-53.41684573329954,21.540464508104407,-95.63615616918418,-11.197535297414902
2016-09-01,52,-54.309946887592076,20.605131912185755,-94.69600543547615,-13.923888339708
2016-09-01,53,-42.63193464110611,16.50973805812605,-74.99102123503317,-10.272848047179053
2016-09-01,54,-28.115547908799556,12.429168147524434,-52.476717477947446,-3.754378339651666
2016-09-01,55,-15.001104805816368,12.240747514593336,-38.99296993441931,8.99076032278657
2016-09-01,56,-4.861422334931262,12.267920317127636,-28.906546156501427,19.183701486638903
2016-09-01,57,5.554067591265863,12.346197569885106,-18.644479645708945,29.75261482824067
2016-09-01,58,8.510000939088059,12.611123564772921,-16.207801247866865,33.227803126042986
2016-09-01,59,9.649594702487633,16.339554730141383,-22.375932568589477,41.67512197356474
2016-09-01,60,6.79377780385289,17.049622193573747,-26.623481695551654,40.211037303257434
2016-09-01,61,0.05182354472177053,18.58966533093865,-36.383920503917984,36.487567593361526
2016-09-01,62,-6.6275007547365306,16.37019709859355,-38.71308706797989,25.45808555850683
2016-09-01,63,-8.703697633377004,18.540146215006306,-45.042384214789365,27.634988948035357
2016-09-01,64,-3.680716422245382,17.603912491683122,-38.1843849059443,30.822952061453535
2016-09-01,65,-0.8418225369015886,16.292059785525314,-32.774259716531205,31.090614642728028
2016-09-01,66,7.850302046334065,15.04594204686662,-21.639744365524507,37.340348458192636
2016-09-01,67,15.952650590087643,17.243613166149697,-17.844831215565762,49.75013239574105
2016-09-01,68,27.067072918519358,18.733950184141854,-9.651469442398678,63.785615279437394
2016-09-01,69,32.58996981652601,20.034151228901834,-6.6769665921215875,71.8569062251736
2016-09-01,70,39.387656364484826,19.584979672212032,1.0010962069492422,77.77421652202041
2016-09-01,71,43.11928469625536,20.588615215171448,2.765598874519327,83.4729705179914
2016-09-01,72,41.140945242106625,19.298793674379095,3.3153096403235978,78.96658084388966
2016-09-01,73,43.72499479065851,22.302831414062876,0.011445219095278958,87.43854436222175
2016-09-01,74,36.60064800603442,21.647578931152275,-5.828606699024036,79.02990271109287
2016-09-01,75,47.01413986154631,26.21969654321425,-4.376465363153621,98.40474508624624
2016-09-01,76,44.59871916965295,24.994044778685936,-4.389608596571485,93.5870469358774
2016-09-01,77,48.896728873852226,24.409266616919506,1.0545663046899918,96.73889144301447
2016-09-01,78,41.56863675282921,21.238990427416553,-0.05978448490723309,83.19705799056564
2016-09-01,79,43.266150034524856,21.49227631328001,1.1412884604960425,85.39101160855367
2016-09-01,80,52.195870583597184,25.162945641331863,2.8764971265867345,101.51524404060763
2016-09-01,81,62.38352552965165,29.895382378068792,3.7885760686368215,120.97847499066648
2016-09-01,82,68.39250298571551,32.03929041301761,5.595493776200996,131.18951219523
2016-09-01,83,71.22444268275996,31.998650783222278,8.507087147644292,133.94179821787563
2016-09-01,84,65.68581126961618,30.05925893379005,6.769663759387683,124.60195877984468
2016-09-01,85,52.47103868293891,25.885579329080628,1.7353031979408797,103.20677416793694
2016-09-01,86,41.42110310500931,24.785963919805013,-7.159386177808514,90.00159238782713
2016-09-01,87,35.94419135249376,24.97104708866848,-12.999060941296463,84.88744364628398
2016-09-01,88,47.31961723104445,26.2415886763816,-4.113896574663485,98.75313103675238
2016-09-01,89,56.56969844229809,27.72477112331569,2.2291470405993365,110.91024984399684
2016-09-01,90,60.9702366033132,28.195705604370676,5.706653618746671,116.23381958787972
2016-09-01,91,63.65346952711428,31.691751576730525,1.5376364367224582,125.7693026175061
2016-09-01,92,68.75254878895123,34.19106671987455,1.738058017997119,135.76703955990536
2016-09-01,93,76.99365101452656,37.35018046012477,3.787297312682014,150.2000047163711
2016-09-01,94,78.34868137351168,37.708451936197704,4.440115578564175,152.25724716845917
2016-09-01,95,75.20087494754,36.0777125550755,4.488558339592018,145.91319155548797
2016-09-01,96,66.86445944885423,34.16667597279402,-0.10222545782204406,133.8311443555305
2016-09-01,97,63.74159183773372,32.95114689530089,-0.8426560770560201,128.32583975252345
2016-09-01,98,59.45931360304036,34.865007161351734,-8.876100433209047,127.79472763928976
2016-09-01,99,57.99086852856692,33.59592678458601,-7.857147969221657,123.8388850263555
2016-09-01,100,56.808324937363295,35.687602399141696,-13.139375764954423,126.75602563968101
2016-09-01,101,62.19333339297566,36.09100548720456,-8.545037361945276,132.9317041478966
2016-09-01,102,69.0753623136145,41.1013242690335,-11.483233253691154,149.63395788092015
2016-09-01,103,79.05805954145376,41.41343443335279,-2.112271947917705,160.2283910308252
2016-09-01,104,84.64302780540015,44.75158028342581,-3.0700695501144395,172.35612516091476
2016-09-01,105,92.56129578354273,46.80847802947332,0.81667884577503,184.30591272131045
2016-09-01,106,91.72680230803257,48.60402267210617,-3.537082129295513,186.99068674536068
2016-09-01,107,90.39137679691123,49.497290591316855,-6.623312762069801,187.40606635589228
2016-10-01,-21,-58.40553642262341,22.385082339373536,-102.28029780779553,-14.530775037451285
2016-10-01,-20,-52.51509653244825,18.531864650701035,-88.83755124782228,-16.192641817074218
2016-10-01,-19,-40.3667866508722,16.0449243622652,-71.81483840091198,-8.918734900832412
2016-10-01,-18,-29.11837431599995,13.248392699088651,-55.08522400621371,-3.1515246257861946
2016-10-01,-17,-21.753156361260125,12.85658991043403,-46.95207258571082,3.445759863190574
2016-10-01,-16,-12.414091654899664,11.865586806199142,-35.67064179504998,10.842458485250653
2016-10-01,-15,-11.610466676961764,10.611889246413789,-32.40976959993279,9.188836246009263
2016-10-01,-14,-5.337509106705866,9.015028960391145,-23.00696586907251,12.331947655660777
2016-10-01,-13,-18.845391555718294,9.472783249409904,-37.412046724561705,-0.27873638687488267
2016-10-01,-12,-26.255649012915747,11.125197541367065,-48.06103619399519,-4.4502618318363005
2016-10-01,-11,-35.02093566949372,11.924538040759337,-58.39303022938202,-11.648841109605417
2016-10-01,-10,-37.12528909877297,13.089365863781964,-62.780446191785614,-11.470132005760316
2016-10-01,-9,-37.95612949314285,15.923828657260888,-69.1668336613742,-6.7454253249115155
2016-10-01,-8,-30.457172967457684,13.57657806818563,-57.067265981101514,-3.84707995381385
2016-10-01,-7,-19.058041134321236,10.458168236945943,-39.556050878735284,1.4399686100928122
2016-10-01,-6,-11.081619049948603,6.764786576683448,-24.34060074024816,2.177362640350953
2016-10-01,-5,-10.141341593753793,9.08864147379095,-27.955078882384058,7.672395694876471
2016-10-01,-4,-5.207657009074218,8.748553243364473,-22.354821366068585,11.939507347920149
2016-10-01,-3,5.152803758283525,4.776574809112198,-4.209282867576382,14.514890384143433
2016-10-01,-2,6.422827766777395,2.4429176113024553,1.6347092486245831,11.210946284930207
2016-10-01,0,-10.138977378521458,3.732608647073056,-17.45489032678465,-2.8230644302582686
2016-10-01,1,-22.133704197088242,7.03788661277326,-35.92796195812383,-8.339446436052652
2016-10-01,2,-23.71819229159769,9.778353644820681,-42.88376543544622,-4.5526191477491516
2016-10-01,3,-19.926347418476293,11.701308794099859,-42.86091265491201,3.00821781795943
2016-10-01,4,-7.916169474943063,9.469474910932854,-26.476340300371454,10.64400135048533
2016-10-01,5,-0.20104013420241973,7.033392197150197,-13.986488840616804,13.584408572211967
2016-10-01,6,8.881469116880433,4.158400877644055,0.7310033966980871,17.031934837062778
2016-10-01,7,17.33299821817867,3.938801051578027,9.612948157085736,25.053048279271604
2016-10-01,8,18.576382768222178,4.16922612895372,10.404699555472888,26.748065980971468
2016-10-01,9,14.001658131932748,3.7037746189596032,6.742259878771926,21.26105638509357
2016-10-01,10,11.424289688038463,4.264300654412256,3.066260405390441,19.782318970686486
2016-10-01,11,2.746004878965138,5.8176175383504924,-8.656525496201827,14.148535254132103
2016-10-01,12,-5.544927075131119,7.48745923465495,-20.22034717505482,9.130493024792584
2016-10-01,13,-15.899991653793268,11.058430382954047,-37.574515204383204,5.774531896796663
2016-10-01,14,-3.46789485602927,10.491143804062384,-24.030536711991545,17.094746999933
2016-10-01,15,3.6859997207025046,9.266882996623476,-14.477090952679507,21.849090394084516
2016-10-01,16,14.066675270278981,9.607769383243955,-4.76455272087917,32.897903261437136
2016-10-01,17,14.023821247440981,7.81098375261667,-1.2857069076876915,29.333349402569652
2016-10-01,18,17.2417534961366,6.932938895213947,3.6531932615172646,30.830313730755933
2016-10-01,19,20.20539710659225,7.095587434622857,6.298045734731453,34.11274847845305
2016-10-01,20,20.03638234354515,6.3912058505244165,7.509618876517294,32.563145810573005
2016-10-01,21,17.21480243868506,6.988599640943459,3.5171471424358796,30.912457734934236
2016-10-01,22,14.97137171349987,8.533025725855607,-1.7533587091771174,31.696102136176858
2016-10-01,23,7.957296932895517,12.308418354528625,-16.16720304198059,32.08179690777162
2016-10-01,24,4.6994373888658245,15.701583416600002,-26.07566610767018,35.47454088540183
2016-10-01,25,-8.274567058380349,16.46682262031765,-40.549539394202945,24.000405277442248
2016-10-01,26,-4.880965383502357,14.45333650511181,-33.2095049335215,23.44757416651679
2016-10-01,27,8.888029498591166,12.838957952675985,-16.276328088653763,34.052387085836095
2016-10-01,28,22.07550484876593,13.013995240307644,-3.4319258222370514,47.58293551976891
2016-10-01,29,26.1586520245789,11.855416310413643,2.92203605616816,49.39526799298964
2016-10-01,30,18.98782140027666,9.835646207195344,-0.2900451658262142,38.26568796637953
2016-10-01,31,27.617808292020314,11.256490092050354,5.555087711601619,49.68052887243901
2016-10-01,32,32.328455993507745,12.020126867384722,8.769007333433692,55.8879046535818
2016-10-01,33,34.49237277736363,14.190889882495364,6.678228607672715,62.30651694705454
2016-10-01,34,29.696424586351498,13.276022675142967,3.675420143071282,55.71742902963172
2016-10-01,35,30.358027596517744,15.071228448641818,0.8184198371797784,59.89763535585571
2016-10-01,36,32.63210403374917,17.35857400530688,-1.390701016652315,66.65490908415066
2016-10-01,37,27.90528368766867,17.605456171891394,-6.601410409238461,62.411977784575804
2016-10-01,38,22.39695960773875,19.92652488973317,-16.65902917613826,61.45294839161576
2016-10-01,39,13.086662451107685,17.522853216398936,-21.258129853034227,47.4314547552496
2016-10-01,40,22.168387331353657,19.142558955934202,-15.351028222277378,59.68780288498469
2016-10-01,41,32.45840957232511,16.66483601225856,-0.20466901170166807,65.12148815635189
2016-10-01,42,48.11088621624056,18.081560782923333,12.671027081710825,83.55074535077028
2016-10-01,43,45.23442934087015,18.789585477705288,8.40684180456779,82.06201687717251
2016-10-01,44,36.181721823730825,18.759069123486068,-0.5860536583018643,72.94949730576351
2016-10-01,45,24.199882547913163,18.95866068007023,-12.95909238502449,61.358857480850816
2016-10-01,46,13.943557880260315,16.58696595576349,-18.56689539303612,46.45401115355675
2016-10-01,47,-4.987019642057689,20.35748267282914,-44.887685680802804,34.913646396687426
2016-10-01,48,-28.37034548858677,26.401271744746854,-80.11683810829061,23.376147131117058
2016-10-01,49,-49.134060050474574,34.12424733132196,-116.01758481986562,17.74946471891647
2016-10-01,50,-62.57833355165576,38.058704654698836,-137.17339467486548,12.016727571553957
2016-10-01,51,-54.09912577891335,34.79818718268018,-122.3035726569665,14.1053210991398
2016-10-01,52,-40.415630498378135,28.69245621149934,-96.65284467291684,15.821583676160571
2016-10-01,53,-18.33909823822806,24.837990128083643,-67.021558889272,30.34336241281588
2016-10-01,54,-3.5479539142444025,24.381750337382776,-51.33618457551464,44.24027674702584
2016-10-01,55,14.898033091157998,25.618818994035887,-35.31485213715234,65.11091831946834
2016-10-01,56,25.71459610168513,25.457144373661844,-24.18140687069208,75.61059907406235
2016-10-01,57,30.235181403674076,25.74474503152314,-20.22451885811128,80.69488166545943
2016-10-01,58,28.72667468294182,27.44831957547147,-25.072031684982257,82.52538105086589
2016-10-01,59,28.404314486387563,27.29379825673146,-25.091530096806096,81.90015906958122
2016-10-01,60,26.30940659592835,30.02597047737704,-32.54149553973065,85.16030873158735
2016-10-01,61,24.142419267514157,30.756107003513925,-36.13955045937313,84.42438899440145
2016-10-01,62,24.75125859739623,32.534260815076436,-39.015892600153585,88.51840979494605
2016-10-01,63,28.99868441046246,29.826435637938925,-29.46112943989783,87.45849826082275
2016-10-01,64,35.40932647681737,30.724547745074354,-24.810787103528362,95.6294400571631
2016-10-01,65,44.353741267685876,28.840213953431874,-12.173078081040593,100.88056061641234
2016-10-01,66,54.66386130573716,30.279485168942248,-4.683929625389645,114.01165223686397
2016-10-01,67,66.08324797150209,28.998819722336027,9.245561315723478,122.9209346272807
2016-10-01,68,76.37687118445041,28.715737783910964,20.09402512798492,132.65971724091588
2016-10-01,69,84.12208596551983,26.151448355858857,32.86524718803647,135.37892474300318
2016-10-01,70,86.59044903731098,25.719677311598144,36.17988150657862,137.00101656804333
2016-10-01,71,79.7674486216954,23.048780562492205,34.59183871921067,124.94305852418012
2016-10-01,72,77.02896376518811,25.168910136723422,27.697899897210206,126.36002763316601
2016-10-01,73,67.74568227603368,24.747351542217313,19.240873253287745,116.25049129877961
2016-10-01,74,67.14732082797445,24.633835402284205,18.865003439497414,115.4296382164515
2016-10-01,75,68.40043923007892,22.852969069184695,23.608619854476913,113.19225860568092
2016-10-01,76,74.47591454103991,21.370093150124703,32.590531966795496,116.36129711528433
2016-10-01,77,82.35209229571075,21.23111866872888,40.73909970500215,123.96508488641935
2016-10-01,78,89.58132877261073,22.441365881431658,45.596251645004685,133.56640590021678
2016-10-01,79,103.31249842048544,23.56502915296919,57.12504128066583,149.49995556030504
2016-10-01,80,120.03058978951498,23.576581562434825,73.82048992714272,166.24068965188724
2016-10-01,81,128.98476825322308,22.861534450978247,84.1761607293057,173.79337577714045
2016-10-01,82,130.75764681777235,22.512732005909946,86.63269208618885,174.88260154935585
2016-10-01,83,121.18832695305156,26.08261909637692,70.0663935241528,172.31026038195031
2016-10-01,84,104.05302130852044,27.695039328585914,49.770744224492056,158.33529839254882
2016-10-01,85,92.20882807582694,29.352486250628246,34.67795502459558,149.7397011270583
2016-10-01,86,78.03516695327664,27.01127249674358,25.09307285965923,130.97726104689406
2016-10-01,87,88.85231403025773,27.160359931773293,35.61800856398208,142.0866194965334
2016-10-01,88,102.36449166834751,27.832695975426738,47.812407556511104,156.9165757801839
2016-10-01,89,119.19773590922955,28.961922417020844,62.4323679718687,175.9631038465904
2016-10-01,90,127.42804393024267,29.89809928976263,68.82776932230792,186.02831853817742
2016-10-01,91,138.16141422124196,29.17408652577286,80.98020463072714,195.34262381175677
2016-10-01,92,145.7855879702306,30.006582394302214,86.97268647739827,204.59848946306295
2016-10-01,93,149.23070802443817,30.77899700202943,88.9038739004605,209.55754214841585
2016-10-01,94,139.24638445701333,32.910268486338545,74.74225822378979,203.75051069023687
2016-10-01,95,131.46253628481776,32.781256199338216,67.21127413411486,195.71379843552066
2016-10-01,96,111.7784597988283,30.43275921569021,52.13025173607548,171.4266678615811
2016-10-01,97,105.99175024477313,32.500965362697634,42.289858133885765,169.6936423556605
2016-10-01,98,108.77768631124445,35.97098757947812,38.27455065546734,179.28082196702155
2016-10-01,99,108.60564177288916,34.6239467400741,40.74270616234392,176.4685773834344
2016-10-01,100,120.05838953046316,31.288734484447055,58.732469940946935,181.38430911997938
2016-10-01,101,128.6564906484432,32.888325586756785,64.19537249839989,193.11760879848651
2016-10-01,102,156.47789500895942,35.91444445353699,86.08558388002693,226.8702061378919
2016-10-01,103,170.28309244492266,37.43108573402192,96.9181644062397,243.64802048360562
2016-10-01,104,182.30941898019773,36.25438094235136,111.25083233318907,253.3680056272064
2016-10-01,105,184.47388809936672,36.017779162928285,113.87904094002728,255.06873525870617
2016-10-01,106,180.6159655516973,36.2730490468266,109.52078941991715,251.71114168347742
2017-01-01,-24,-17.158944214234417,10.522363383718599,-37.78277644632287,3.4648880178540367
2017-01-01,-23,-13.240959146129512,9.247023265464495,-31.36512474643992,4.883206454180897
2017-01-01,-22,-9.915922901442805,7.962238027637141,-25.5219094356116,5.690063632725991
2017-01-01,-21,-3.8366677212763705,7.245258551151787,-18.037374481533874,10.364039038981131
2017-01-01,-20,-1.341334045030088,6.432464290863003,-13.948964055121575,11.2662959650614
2017-01-01,-19,4.194771258504375,6.923129260511688,-9.374562092098534,17.764104609107285
2017-01-01,-18,4.335289689914163,7.199074934795588,-9.774897182285189,18.445476562113512
2017-01-01,-17,4.713306566763826,6.966812122876224,-8.941645194073573,18.368258327601225
2017-01-01,-16,1.5769420689786742,7.215451412920989,-12.565342700346463,15.719226838303811
2017-01-01,-15,-1.4599126078471514,7.339263778320749,-15.844869613355819,12.925044397661516
2017-01-01,-14,-3.317589249188334,7.021302012762236,-17.079341194202314,10.444162695825648
2017-01-01,-13,-2.208180719317081,5.5273139486347835,-13.041716058641256,8.625354620007094
2017-01-01,-12,0.24262410515217736,4.956950104348416,-9.472998099370718,9.958246309675074
2017-01-01,-11,1.934115431244954,5.9871055020154875,-9.8006113527054,13.66884221519531
2017-01-01,-10,1.9184341879452989,6.563301431718475,-10.945636618222913,14.78250499411351
2017-01-01,-9,5.5941304115034445,7.147389497448496,-8.414753003495608,19.603013826502497
2017-01-01,-8,8.024599872225172,8.074798855254121,-7.802005884072905,23.85120562852325
2017-01-01,-7,10.727987868674859,10.475026606747022,-9.803064280549304,31.25904001789902
2017-01-01,-6,11.238860407547842,10.753999883151362,-9.838979363428829,32.31670017852451
2017-01-01,-5,10.806209999428148,11.121477330462392,-10.99188556827814,32.60430556713443
2017-01-01,-4,3.9527524253997868,10.260574009504351,-16.15797263322874,24.063477484028315
2017-01-01,-3,3.836169632727895,8.7604527350649,-13.33431772799931,21.0066569934551
2017-01-01,-2,-4.390548864136472,4.7876554894976575,-13.77435362355188,4.993255895278937
2017-01-01,0,0.6955585111646574,2.9364874769704614,-5.059956943697447,6.451073966026762
2017-01-01,1,12.560843390192382,5.08960601939967,2.5852155921690283,22.536471188215735
2017-01-01,2,14.008849332867658,10.246359524668186,-6.074015335481985,34.0917140012173
2017-01-01,3,18.453355517461738,11.082856146984959,-3.2690425306287807,40.175753565552256
2017-01-01,4,20.717157336024094,9.979257217466845,1.1578131897890778,40.27650148225911
2017-01-01,5,23.13769120777551,10.077118618626178,3.386538715268202,42.88884370028282
2017-01-01,6,22.636671442187634,11.230623736740917,0.6246489181754384,44.64869396619983
2017-01-01,7,22.469102988337017,10.93335472755747,1.0397277223243755,43.898478254349655
2017-01-01,8,20.902527876360992,9.282731444276788,2.7083742455784865,39.0966815071435
2017-01-01,9,19.563727107828115,7.694610668451405,4.48229019766336,34.64516401799287
2017-01-01,10,19.012844501134573,8.692231799264437,1.9760701745762752,36.04961882769287
2017-01-01,11,19.541886188778765,8.056739993046206,3.7506758024082014,35.33309657514933
2017-01-01,12,20.447901546473254,7.929583586632154,4.905917716674233,35.98988537627228
2017-01-01,13,22.023261351005885,8.23699628773247,5.878748627050243,38.16777407496153
2017-01-01,14,24.40511504545978,10.250349736148644,4.314429562608439,44.49580052831112
2017-01-01,15,27.38590050350777,11.852019280071248,4.155942714568123,50.61585829244741
2017-01-01,16,28.958597027638525,12.395939618125134,4.662555376113264,53.25463867916379
2017-01-01,17,30.243151619115444,13.3174033227779,4.141041106470762,56.34526213176012
2017-01-01,18,28.52757112575587,13.338355864804537,2.384393630738977,54.67074862077276
2017-01-01,19,30.38063209502306,13.116156386945176,4.672965576610515,56.088298613435605
2017-01-01,20,31.204541276375807,11.98972357643782,7.704683066557681,54.704399486193935
2017-01-01,21,31.241986363374266,11.427763489632735,8.843569923694105,53.64040280305443
2017-01-01,22,26.242989394431916,11.998821855847986,2.7252985569698644,49.76068023189397
2017-01-01,23,23.22278125800502,12.564396211000547,-1.4034353155560524,47.848997831566095
2017-01-01,24,27.548955637016704,12.697326576399348,2.6621955472739813,52.435715726759426
2017-01-01,25,34.84776226116574,12.55026181046604,10.249249112652304,59.446275409679174
2017-01-01,26,39.70960319539061,13.48250717373562,13.2838891348688,66.13531725591243
2017-01-01,27,37.998350002779986,13.824620182433152,10.90209444521101,65.09460556034897
2017-01-01,28,38.22239459856904,14.431790498611482,9.936085221290533,66.50870397584754
2017-01-01,29,38.979507152408004,14.57261841064027,10.417175067553075,67.54183923726293
2017-01-01,30,39.72119138334355,15.854970246927476,8.645449699365699,70.7969330673214
2017-01-01,31,38.13266338462924,15.927880286246662,6.914018023585783,69.3513087456727
2017-01-01,32,40.52004162659986,17.054293145191757,7.093627062024019,73.94645619117571
2017-01-01,33,39.614666107947585,17.937651270662528,4.45686961744903,74.77246259844614
2017-01-01,34,32.88826025749513,18.13576635863887,-2.6578418054370516,68.43436232042731
2017-01-01,35,30.977234757268903,16.43232841999955,-1.2301289459302112,63.18459846046802
2017-01-01,36,30.808317086619113,15.402689296991952,0.6190460645148868,60.997588108723335
2017-01-01,37,38.33034131395357,15.687971651451253,7.581916877109112,69.07876575079803
2017-01-01,38,41.24526369937962,16.124214294045963,9.641803683049535,72.84872371570971
2017-01-01,39,44.30367128990139,15.438638188663496,14.043940440120934,74.56340213968184
2017-01-01,40,44.04572290822415,15.690518256590677,13.292307125306422,74.79913869114188
2017-01-01,41,39.272931704621044,15.78083214472466,8.342500700960713,70.20336270828138
2017-01-01,42,39.52073582135972,15.766446558311465,8.618500567069251,70.4229710756502
2017-01-01,43,35.191320761934804,14.252024834701547,7.2573520859197735,63.12528943794983
2017-01-01,44,32.378044951547494,14.497149330457953,3.963632263849906,60.792457639245086
2017-01-01,45,25.502775908563876,16.2309080463311,-6.309803862245076,57.31535567937283
2017-01-01,46,22.22065012043764,19.733676783380318,-16.457356374987782,60.89865661586306
2017-01-01,47,19.76405792822149,21.45284657343338,-22.283521355707933,61.81163721215091
2017-01-01,48,22.70898854908927,18.82170754044628,-14.181558230185438,59.59953532836398
2017-01-01,49,28.000972202911782,15.945112862291316,-3.251449007179197,59.25339341300276
2017-01-01,50,36.75112798358147,14.645340763129793,8.046260087847074,65.45599587931586
2017-01-01,51,39.304211376278886,16.202424321240336,7.547459706647828,71.06096304590994
2017-01-01,52,41.854727108525225,17.563347340007095,7.430566322111318,76.27888789493913
2017-01-01,53,40.53132995687574,17.891835700139925,5.463331984601481,75.59932792915
2017-01-01,54,37.04693113048809,18.82309054302248,0.15367366616403189,73.94018859481216
2017-01-01,55,32.655280311970046,19.90137646080237,-6.351417551202601,71.66197817514269
2017-01-01,56,28.218495985272796,20.56205880585566,-12.0831392742043,68.52013124474989
2017-01-01,57,26.921261811838576,22.543965963990832,-17.264911477583453,71.1074351012606
2017-01-01,58,31.386563368193066,22.837161766100515,-13.37427369336394,76.14740042975006
2017-01-01,59,34.01825150960383,24.411441368138508,-13.828173571947644,81.8646765911553
2017-01-01,60,38.52045455248651,23.263564145124136,-7.076131171956796,84.11704027692983
2017-01-01,61,38.578635551311606,25.60402968869837,-11.605262638537198,88.76253374116041
2017-01-01,62,39.35729544324758,24.850275051397272,-9.349243657491073,88.06383454398623
2017-01-01,63,40.57601296453109,26.037212909179676,-10.456924337461075,91.60895026652325
2017-01-01,64,42.583931291916514,25.702938640763286,-7.793828443979528,92.96169102781255
2017-01-01,65,41.56512441139836,26.292928072314286,-9.969014610337645,93.09926343313435
2017-01-01,66,42.63583069082193,24.725461056545257,-5.826072980006771,91.09773436165064
2017-01-01,67,43.00951368866049,24.593296569271008,-5.1933475871106864,91.21237496443166
2017-01-01,68,47.435257151231895,22.61790702933161,3.104159373741936,91.76635492872185
2017-01-01,69,48.865798556558616,22.58333982211732,4.602452505208667,93.12914460790856
2017-01-01,70,49.42282841510843,22.501001532794778,5.320865410830663,93.52479141938619
2017-01-01,71,48.780832080761,23.8779670042042,1.9800167525207684,95.58164740900123
2017-01-01,72,47.94904491691847,23.118694155886622,2.636404371380685,93.26168546245626
2017-01-01,73,48.20651266257005,21.072071941834388,6.905251656574649,89.50777366856545
2017-01-01,74,50.057177524927795,20.61026631035367,9.6610555566346,90.45329949322098
2017-01-01,75,56.41710718219383,22.8384897085699,11.653667353396827,101.18054701099084
2017-01-01,76,61.61565076545463,23.567164509123096,15.424008327573368,107.80729320333589
2017-01-01,77,69.15387353853629,23.71589652162282,22.67071635615556,115.63703072091701
2017-01-01,78,72.53790617718107,22.90526529989545,27.643586189385985,117.43222616497616
2017-01-01,79,72.5685978073679,22.937220996110455,27.6116446549914,117.52555095974438
2017-01-01,80,66.65506623765793,23.737532508550746,20.12950252089847,113.1806299544174
2017-01-01,81,61.12739417595719,23.50627220699782,15.055100650241464,107.19968770167293
2017-01-01,82,58.08924876614344,22.576317613816826,13.83966624306246,102.33883128922443
2017-01-01,83,57.553984678586005,21.367434379099272,15.673813295551433,99.43415606162057
2017-01-01,84,57.48438220856616,22.235758692405927,13.902295171450547,101.06646924568177
2017-01-01,85,61.372790351533695,24.077943660514144,14.180020776925971,108.56555992614142
2017-01-01,86,67.20025076328369,26.008517977250342,16.223555527873017,118.17694599869436
2017-01-01,87,72.0259718263581,27.217252636502035,18.680156658814113,125.37178699390209
2017-01-01,88,73.60400462915794,28.199146388895954,18.333677706921875,128.874331551394
2017-01-01,89,75.59847427696803,28.407324941776114,19.920117391086855,131.27683116284922
2017-01-01,90,77.56680923515256,29.423199453548413,19.897338306197675,135.23628016410746
2017-01-01,91,78.29159674353002,29.83284705654227,19.81921651270717,136.7639769743529
2017-01-01,92,75.56252431740887,28.15089718974851,20.386765825501797,130.73828280931593
2017-01-01,93,65.35668387137753,25.681461487548813,15.021019355781853,115.69234838697321
2017-01-01,94,56.67446126036742,23.431952245234907,10.747834859707005,102.60108766102783
2017-01-01,95,51.543126829376604,27.64880103769674,-2.6485232045090044,105.73477686326221
2017-01-01,96,57.367693558259134,27.38137812436721,3.7001924344994066,111.03519468201887
2017-01-01,97,63.73710214625669,29.59826074550297,5.724511085070873,121.7496932074425
2017-01-01,98,69.77814079220462,31.759407029841448,7.529703013715384,132.02657857069386
2017-01-01,99,77.26657396672675,33.67827387266215,11.257157176308937,143.27599075714457
2017-01-01,100,81.64240802258678,35.222121140730614,12.60705058675478,150.67776545841878
2017-01-01,101,76.99242569467287,31.825033118975703,14.615360781480497,139.36949060786526
2017-01-01,102,73.31596015473895,31.709940559804668,11.164476657521796,135.4674436519561
2017-01-01,103,67.16061887400338,32.71898300507316,3.031412184059974,131.28982556394678
2017-02-01,-25,-0.29162883443061816,10.520010928797305,-20.910850254873335,20.3275925860121
2017-02-01,-24,-3.3581481720151416,9.792421884921923,-22.55129506646211,15.834998722431827
2017-02-01,-23,-3.4105246701996847,8.270814935542148,-19.621321943862295,12.800272603462926
2017-02-01,-22,4.253569055712944,9.671869961380624,-14.70329606859308,23.210434180018968
2017-02-01,-21,-2.821911985520913,8.894780239098388,-20.255681254153753,14.611857283111927
2017-02-01,-20,6.607233876978931,11.01787054851106,-14.987792398102748,28.20226015206061
2017-02-01,-19,3.4505406727165564,10.46500513949148,-17.060869400686745,23.961950746119857
2017-02-01,-18,5.581383049561168,10.596239994383199,-15.187247339429902,26.35001343855224
2017-02-01,-17,10.31835820189465,12.229060952506487,-13.650601265018064,34.28731766880736
2017-02-01,-16,9.065488129717107,12.46313198050776,-15.362250552078102,33.493226811512315
2017-02-01,-15,10.536567780471483,12.874350166970226,-14.69715854679016,35.77029410773312
2017-02-01,-14,4.901640627385191,11.346058916486422,-17.336634848928195,27.139916103698578
2017-02-01,-13,4.749285100924565,10.4613742188846,-15.755008368089252,25.253578569938384
2017-02-01,-12,6.945992768116259,7.383478695492855,-7.525625475049736,21.417611011282254
2017-02-01,-11,9.504309201014053,6.527320494330736,-3.289238967874189,22.297857369902296
2017-02-01,-10,16.248516985437426,6.95412206514305,2.6184377377570485,29.878596233117804
2017-02-01,-9,10.745927180909064,7.3993979282088125,-3.756892758380209,25.248747120198338
2017-02-01,-8,18.956321455634825,10.247168427244597,-1.1281286617645847,39.040771573034235
2017-02-01,-7,16.105993251741825,10.58305909318371,-4.636802570898247,36.8487890743819
2017-02-01,-6,20.12621902639584,10.111422618639926,0.307830693861586,39.9446073589301
2017-02-01,-5,11.66145823868917,7.143843561567744,-2.3404751419836085,25.663391619361946
2017-02-01,-4,13.90212008319936,7.977401473837449,-1.7335868055220391,29.537826971920758
2017-02-01,-3,8.270641601180985,5.681087814777701,-2.864290515783308,19.405573718145277
2017-02-01,-2,4.63431521581702,4.7014186911401765,-4.580465418817726,13.849095850451766
2017-02-01,0,15.728865971724487,7.013983881578474,1.9814575638306788,29.476274379618296
2017-02-01,1,22.163444751329624,9.51293008912292,3.5181017766487024,40.80878772601055
2017-02-01,2,32.99926242778119,12.792493548133589,7.925975073439357,58.07254978212302
2017-02-01,3,31.142044297476563,8.721511849767696,14.04788107193188,48.23620752302125
2017-02-01,4,36.87738601886628,9.466303346322444,18.323431460074293,55.431340577658275
2017-02-01,5,37.235142406658895,9.339643728634492,18.92944069853529,55.5408441147825
2017-02-01,6,33.76075304853784,9.731726088872211,14.686569914348311,52.834936182727375
2017-02-01,7,36.440101862356386,10.335306620130709,16.182900886900196,56.69730283781257
2017-02-01,8,33.165620138729196,11.932966207503831,9.777006372021688,56.5542339054367
2017-02-01,9,43.36554769772309,16.72038118178808,10.59360058141845,76.13749481402772
2017-02-01,10,41.4672196326422,16.591586162584793,8.947710753976004,73.9867285113084
2017-02-01,11,45.622368061749484,14.248882846639063,17.69455768233692,73.55017844116205
2017-02-01,12,45.93606917558441,9.977243219972735,26.380672464437847,65.49146588673096
2017-02-01,13,46.60702777437014,8.36301171878275,30.215524805555948,62.99853074318433
2017-02-01,14,46.47963820244975,8.255012953186236,30.299812814204724,62.65946359069477
2017-02-01,15,48.73125313492686,9.015565981279059,31.060743811619904,66.40176245823382
2017-02-01,16,49.193690575520634,10.244763250810369,29.11395460393231,69.27342654710895
2017-02-01,17,49.67340115100929,11.046011009837036,28.023219571728696,71.32358273028987
2017-02-01,18,47.82258275145959,10.685497612939317,26.879007430098532,68.76615807282064
2017-02-01,19,49.58610507449526,12.531239825665233,25.0248750161914,74.14733513279911
2017-02-01,20,53.75665175388047,13.805242605142205,26.698376247801747,80.81492725995919
2017-02-01,21,46.700075643507795,17.32133218943455,12.75026455221608,80.64988673479951
2017-02-01,22,49.43580899096062,16.600036904280035,16.899736658571754,81.97188132334949
2017-02-01,23,51.07599975419008,15.115486105513469,21.44964698738368,80.70235252099647
2017-02-01,24,60.111656210766945,14.733715017257467,31.233574776942312,88.98973764459157
2017-02-01,25,57.061350539933926,13.088641932010246,31.407612353193844,82.71508872667401
2017-02-01,26,51.740611538533265,12.337094340849134,27.559906630468962,75.92131644659757
2017-02-01,27,56.58756894168101,10.703425713691376,35.60885454284592,77.56628334051611
2017-02-01,28,56.080032895116574,10.96901127555914,34.580770795020655,77.57929499521249
2017-02-01,29,62.142632573341096,12.86813105688638,36.9210957018438,87.3641694448384
2017-02-01,30,61.99348461584877,13.211296761125624,36.09934296404255,87.887626267655
2017-02-01,31,81.11753001177729,18.651425697390845,44.56073564489123,117.67432437866336
2017-02-01,32,99.17744341529628,23.338045764623992,53.434873716633255,144.9200131139593
2017-02-01,33,95.93412345656333,23.591202978662572,49.695365618384685,142.17288129474196
2017-02-01,34,82.83710598759659,22.648282661222694,38.446471971600104,127.22774000359307
2017-02-01,35,69.97707597218844,18.45583873553328,33.803632050543214,106.15051989383367
2017-02-01,36,74.62380404232988,18.481271695003798,38.400511520122436,110.84709656453732
2017-02-01,37,70.17676719221254,14.801704978719984,41.16542543392137,99.1881089505037
2017-02-01,38,68.54551112812251,13.821654839987213,41.455067641747576,95.63595461449745
2017-02-01,39,66.35184927695147,14.263770426850574,38.39485924032435,94.30883931357859
2017-02-01,40,65.03698033571405,14.141703031439892,37.31924239409186,92.75471827733624
2017-02-01,41,63.73795054806327,14.913935615839987,34.50663674101689,92.96926435510964
2017-02-01,42,64.16929311364242,14.652597243544395,35.450202516295406,92.88838371098944
2017-02-01,43,58.929620059083874,16.916180600837205,25.773906081442952,92.08533403672479
2017-02-01,44,58.69048672141014,21.539101144105786,16.4738484789628,100.90712496385748
2017-02-01,45,56.683946670903296,28.58609718323597,0.655196191760794,112.7126971500458
2017-02-01,46,63.33103690808427,32.07700368884081,0.4601096779562823,126.20196413821226
2017-02-01,47,56.983655541828384,30.62976679440538,-3.0506873752061594,117.01799845886293
2017-02-01,48,55.35603601650166,25.848083328811256,4.6937926920316,106.01827934097173
2017-02-01,49,50.2004758104987,21.298609447020656,8.455201294338217,91.94575032665918
2017-02-01,50,53.70851931060773,19.06553856374657,16.34006372566445,91.076974895551
2017-02-01,51,56.99199810326958,18.8693842270568,20.008005018238258,93.9759911883009
2017-02-01,52,65.48537601328219,19.057324205302827,28.133020570888654,102.83773145567574
2017-02-01,53,69.87436197209679,19.314103155014205,32.01871978826895,107.73000415592463
2017-02-01,54,74.58445308869203,20.44489623923731,34.512456459786904,114.65644971759716
2017-02-01,55,75.02426618001806,20.24885266484665,35.33651495691863,114.7120174031175
2017-02-01,56,80.39899345312824,22.68813033778356,35.930257991072466,124.86772891518402
2017-02-01,57,80.7883643281306,23.832510256248213,34.0766442258841,127.50008443037709
2017-02-01,58,84.89444631700633,24.410656182388223,37.04956019952541,132.73933243448724
2017-02-01,59,82.93075516023404,22.64910160582272,38.53851601282151,127.32299430764658
2017-02-01,60,80.87470219220017,22.769146642138182,36.24717477360934,125.502229610791
2017-02-01,61,73.65684536479844,21.46589957449173,31.583682198794655,115.73000853080222
2017-02-01,62,72.33780985200872,21.53662336711561,30.126028052462125,114.54959165155532
2017-02-01,63,77.85879933313277,20.17046637700724,38.324685234198576,117.39291343206696
2017-02-01,64,83.5386827770399,19.917217856617093,44.50093577807039,122.5764297760094
2017-02-01,65,84.639895521743,18.008132595386446,49.343955634785566,119.93583540870043
2017-02-01,66,84.8857787857385,18.40169686886105,48.81845292277084,120.95310464870616
2017-02-01,67,82.87642118317802,17.271412472469077,49.02445273713863,116.72838962921742
2017-02-01,68,79.09041204618165,18.742072021052444,42.35595088491887,115.82487320744444
2017-02-01,69,77.7196289023081,18.495775550789734,41.46790882276022,113.97134898185598
2017-02-01,70,79.1491555542276,20.28982230821399,39.38110383012819,118.91720727832703
2017-02-01,71,77.62147690071566,18.057552276875267,42.22867443804014,113.01427936339118
2017-02-01,72,71.82552445078073,16.487904608952967,39.50923141723292,104.14181748432856
2017-02-01,73,67.55141989433162,15.28585410025341,37.59114585783493,97.5116939308283
2017-02-01,74,73.76145729310866,17.691746259667536,39.08563462416029,108.43727996205703
2017-02-01,75,77.87493443292499,18.858234097569714,40.91279560168835,114.83707326416163
2017-02-01,76,79.4964910419011,19.5866858120634,41.10658685025683,117.88639523354536
2017-02-01,77,80.55174193757739,19.38063150284872,42.5657041919939,118.53777968316088
2017-02-01,78,77.21618898056158,20.574391390374025,36.890381855428494,117.54199610569466
2017-02-01,79,71.7075335760191,22.188118687818037,28.21882094789575,115.19624620414245
2017-02-01,80,57.104970811630665,22.90815101643786,12.204994819412462,102.00494680384887
2017-02-01,81,51.22141747074596,21.555317153790266,8.972995849317037,93.46983909217488
2017-02-01,82,51.08330701291169,20.26766426068533,11.358685061968444,90.80792896385493
2017-02-01,83,62.68185065059953,19.527320421682525,24.40830262410178,100.95539867709728
2017-02-01,84,69.72486827322479,21.567039021891755,27.453471790316947,111.99626475613263
2017-02-01,85,67.66422192455991,23.87838072467883,20.862595704189403,114.46584814493042
2017-02-01,86,62.86175123996878,26.359826505304607,11.196491289571753,114.52701119036581
2017-02-01,87,61.12489907769168,28.475618646783172,5.312686529996661,116.9371116253867
2017-02-01,88,60.90288018358501,29.48870031188941,3.10502757228177,118.70073279488825
2017-02-01,89,58.59805118756651,31.28886191515652,-2.72811816614027,119.92422054127329
2017-02-01,90,55.75470608142854,30.099091563318918,-3.2395133826765417,114.74892554553361
2017-02-01,91,53.477449531766695,28.003784274669588,-1.4099676465856987,108.36486671011909
2017-02-01,92,55.11924326142815,25.291770231146803,5.547373608380418,104.6911129144759
2017-02-01,93,53.23710786539806,24.481577655890625,5.253215659852437,101.22100007094369
2017-02-01,94,49.858795564667275,27.803477618807605,-4.636020568195633,104.35361169753018
2017-02-01,95,46.174749151183846,28.43706110162646,-9.561890608004013,101.9113889103717
2017-02-01,96,45.3351023516434,29.86214530145808,-13.194702439214439,103.86490714250124
2017-02-01,97,48.50229617657652,33.280797300853436,-16.72806653309621,113.73265888624925
2017-02-01,98,49.57797274202915,35.60974090911941,-20.217119439844893,119.37306492390319
2017-02-01,99,48.543623810721556,39.438034827976004,-28.75492445211141,125.84217207355452
2017-02-01,100,49.45121596486757,36.34209961129,-21.779299273260833,120.68173120299598
2017-02-01,101,47.36366854004041,37.583938915895715,-26.300851735115188,121.028188815196
2017-02-01,102,42.93142668369239,38.05281235154932,-31.652085525344276,117.51493889272906
2017-03-01,-26,-29.494888253099894,23.18704443015786,-74.9414953362093,15.951718830009511
2017-03-01,-25,-28.022170227311406,21.63515724984534,-70.42707843700828,14.382737982385457
2017-03-01,-24,-17.803790022431052,17.641870666105426,-52.381856527997684,16.77427648313558
2017-03-01,-23,-10.521181347758741,14.532855495317982,-39.00557811858199,17.963215423064504
2017-03-01,-22,-4.1416974816549015,12.391417251523142,-28.42887529464026,20.145480331330457
2017-03-01,-21,2.316694478560194,8.957354147546429,-15.239719650630807,19.873108607751195
2017-03-01,-20,4.338580598212815,8.307276846121121,-11.943682020184582,20.62084321661021
2017-03-01,-19,6.710644934214102,7.141899884077969,-7.287478838578716,20.708768707006918
2017-03-01,-18,-5.3373467920896545,9.645458851264474,-24.242446140568024,13.567752556388715
2017-03-01,-17,-15.600277609875235,12.704004399921185,-40.500126233720756,9.299571013970287
2017-03-01,-16,-21.386650607057085,15.2145744087843,-51.20721644827431,8.433915234160143
2017-03-01,-15,-21.14838517266901,15.279330138250813,-51.0958722436406,8.799101898302585
2017-03-01,-14,-13.481076898448404,14.12436599597548,-41.16483425056035,14.20268045366354
2017-03-01,-13,-7.241325015447757,11.400195083171491,-29.58570737846388,15.103057347568367
2017-03-01,-12,0.3196266172661595,11.319553959012092,-21.86669914239754,22.50595237692986
2017-03-01,-11,1.8823827454591822,7.852241090357597,-13.508009791641708,17.272775282560072
2017-03-01,-10,4.064888946426443,9.87092713012957,-15.282128228627514,23.4119061214804
2017-03-01,-9,6.633951774230823,9.548189742120288,-12.080500120324942,25.348403668786588
2017-03-01,-8,12.337186778942662,8.400904707533114,-4.12858644782224,28.802960005707565
2017-03-01,-7,8.539560133191735,6.541546164502379,-4.281870349232928,21.360990615616398
2017-03-01,-6,3.3009666858206113,4.150994722559205,-4.83498297039543,11.436916342036653
2017-03-01,-5,-3.7514821349899616,4.071766742409754,-11.73214495011308,4.229180680133156
2017-03-01,-4,-10.743654845690907,7.213959401585687,-24.883015272798854,3.3957055814170403
2017-03-01,-3,-17.336319568483425,8.891345412283384,-34.763356576558856,0.09071743959200518
2017-03-01,-2,-8.563286355659969,4.98821619882919,-18.34019010536518,1.2136173940452437
2017-03-01,0,11.811639462619414,7.2556183341321026,-2.4093724722795056,26.032651397518336
2017-03-01,1,6.9837794626298315,9.126656240661646,-10.904466769066994,24.87202569432666
2017-03-01,2,9.900107515009795,12.205202522664537,-14.022089429412697,33.82230445943229
2017-03-01,3,9.067578834227902,13.877530337901517,-18.13238062805907,36.26753829651487
2017-03-01,4,8.839616203387218,14.397356739813258,-19.37920300664677,37.0584354134212
2017-03-01,5,3.480112571543426,12.525001089843036,-21.068889564548922,28.029114707635774
2017-03-01,6,-1.2904965065819276,10.427352806498833,-21.72810800731964,19.147114994155785
2017-03-01,7,-5.77973145892283,9.37763230899566,-24.15989078455432,12.600427866708662
2017-03-01,8,-9.99392603934731,8.70143684971251,-27.048742264783826,7.060890186089209
2017-03-01,9,-10.319668952730677,8.271634812975789,-26.53207318616322,5.892735280701867
2017-03-01,10,-8.374551342901658,7.458292781827545,-22.992805195283644,6.243702509480331
2017-03-01,11,-2.7594151434807763,10.952112100112634,-24.22555485970154,18.706724572739986
2017-03-01,12,1.2545736156203908,13.865908873519155,-25.922607776477154,28.431755007717936
2017-03-01,13,4.3645730450207125,17.384679990729055,-29.709399736808237,38.43854582684966
2017-03-01,14,5.150080080230154,19.45495161492633,-32.98162508502545,43.28178524548576
2017-03-01,15,4.0013739630299945,20.89194710127594,-36.94684235547085,44.94959028153083
2017-03-01,16,0.9573252821039411,22.306268097964992,-42.762960189907446,44.67761075411532
2017-03-01,17,-0.47991842771907045,22.099073133671,-43.794101769714224,42.83426491427608
2017-03-01,18,-10.683473696658965,18.024279195167576,-46.011060919187415,24.644113525869486
2017-03-01,19,-16.057433097484328,13.436051572930145,-42.39209418042741,10.277227985458754
2017-03-01,20,-27.420705263426502,10.43044329460338,-47.86437412084913,-6.977036406003876
2017-03-01,21,-24.052722512781223,11.131544239459913,-45.87054922212265,-2.2348958034397945
2017-03-01,22,-16.581529600951974,14.978282323659643,-45.938962955324875,12.775903753420927
2017-03-01,23,-9.568664333564179,18.214618128687476,-45.26931586579163,26.131987198663275
2017-03-01,24,-4.1938785902481115,22.1677362741227,-47.6426416875286,39.25488450703238
2017-03-01,25,-5.646971023286078,24.647770716448,-53.95660162752416,42.662659580952
2017-03-01,26,-1.900928530703311,27.01803224631243,-54.85627173347567,51.05441467206905
2017-03-01,27,-1.9639265307780533,28.29120645112184,-57.41469117497686,53.48683811342075
2017-03-01,28,-4.06506749087071,28.500371986032725,-59.92579658349485,51.79566160175343
2017-03-01,29,-6.250683570499703,28.404339402299353,-61.92318879900643,49.421821658007026
2017-03-01,30,-9.792685329029766,27.390019565361516,-63.47712367713834,43.891753019078806
2017-03-01,31,-12.04822167947377,24.773086007506198,-60.603470254185915,36.507026895238376
2017-03-01,32,-16.410620430278428,22.3077886962131,-60.1338862748561,27.312645414299247
2017-03-01,33,-21.62866132064758,19.62257072126113,-60.08889993431939,16.831577293024232
2017-03-01,34,-23.481875497847668,21.675895663198006,-65.96663099771575,19.002880002020426
2017-03-01,35,-20.90280887380831,24.51603000263774,-68.95422767897828,27.148609931361662
2017-03-01,36,-13.846444079759678,29.0300504900081,-70.74534304017556,43.0524548806562
2017-03-01,37,-8.920915767154284,28.999521395358787,-65.75997770205751,47.91814616774894
2017-03-01,38,-12.138178539352552,29.339674761852766,-69.64394107258397,45.36758399387887
2017-03-01,39,-18.338444923181697,27.994293662273225,-73.20726050123722,36.53037065487382
2017-03-01,40,-25.321007462808907,28.39023384319842,-80.96586579547781,30.323850869859996
2017-03-01,41,-28.467997634308773,25.48561643442308,-78.419805845778,21.48381057716046
2017-03-01,42,-41.81294916870379,20.766670358173876,-82.51562307072459,-1.11027526668299
2017-03-01,43,-59.93928267110055,14.152863050847678,-87.678894250762,-32.1996710914391
2017-03-01,44,-74.25302385480707,11.488146073893752,-96.76979015963883,-51.73625754997531
2017-03-01,45,-79.06194851221498,12.35549000112921,-103.27870891442824,-54.84518811000173
2017-03-01,46,-67.911722832783,14.394976972060253,-96.1258776980211,-39.697567967544906
2017-03-01,47,-58.43704155231733,18.708221731439583,-95.1051561459389,-21.76892695869575
2017-03-01,48,-48.40797527729386,22.995454239905268,-93.47906558750819,-3.336884967079534
2017-03-01,49,-49.44038479120077,27.187177330990387,-102.72725235994193,3.8464827775403876
2017-03-01,50,-46.79473724307475,29.501315489824183,-104.61731560313015,11.027841116980646
2017-03-01,51,-45.19081327168771,28.016493907190085,-100.10314132978027,9.72151478640486
2017-03-01,52,-42.36832825093843,25.142614156435855,-91.6478519975527,6.911195495675841
2017-03-01,53,-49.19906968996679,23.55037223850183,-95.35779927743037,-3.040340102503208
2017-03-01,54,-45.09005190223516,20.27614939330039,-84.83130471310392,-5.348799091366395
2017-03-01,55,-50.97619756331193,21.194855019818874,-92.51811340215693,-9.434281724466935
2017-03-01,56,-49.77077090104342,22.428549384218567,-93.7307276941118,-5.810814107975027
2017-03-01,57,-53.00074272554616,24.661225815912502,-101.33674532473466,-4.664740126357657
2017-03-01,58,-41.18522702687224,22.605098434374213,-85.4912199582457,3.1207659045012193
2017-03-01,59,-33.19819270397298,23.44008584797885,-79.14076096601153,12.744375558065563
2017-03-01,60,-22.14643093454754,22.66890297910666,-66.57748077359659,22.28461890450152
2017-03-01,61,-19.311271753523584,28.45812387230502,-75.08919454324142,36.46665103619425
2017-03-01,62,-12.631185342606841,32.03670461667003,-75.4231263912801,50.16075570606642
2017-03-01,63,-6.817781688444455,34.4197015763018,-74.28039677799597,60.644833401107064
2017-03-01,64,-0.31189269927602936,37.6614760165974,-74.12838569180693,73.50460029325487
2017-03-01,65,0.7736726748530884,39.896764540032244,-77.42398582361011,78.97133117331629
2017-03-01,66,-2.4875091678732133,42.956795269593734,-86.68282789627693,81.7078095605305
2017-03-01,67,-5.817376538103815,37.297099061109016,-78.91969069787748,67.28493762166985
2017-03-01,68,-7.198468613499074,34.21196551134251,-74.2539210157304,59.85698378873225
2017-03-01,69,-10.673600186813985,37.394460333363845,-83.96674244020713,62.61954206657916
2017-03-01,70,-5.629353138230613,38.69913548046799,-81.47965867994786,70.22095240348663
2017-03-01,71,-1.3590243020443609,39.55799904533219,-78.89270243089545,76.17465382680673
2017-03-01,72,11.110169174821351,36.42839459825154,-60.28948423775168,82.50982258739438
2017-03-01,73,12.985586386062437,41.76701523640553,-68.87776347729239,94.84893624941726
2017-03-01,74,21.773690137804294,42.719572119993124,-61.95667121738222,105.50405149299081
2017-03-01,75,34.74605238133256,45.871313562850716,-55.16172220185484,124.65382696451996
2017-03-01,76,45.31227991240331,46.366203310810796,-45.56547857678585,136.19003840159246
2017-03-01,77,51.71866354366966,47.16502130599733,-40.7247782160851,144.16210530342443
2017-03-01,78,42.89002819958074,40.642642304087616,-36.769550716430984,122.54960711559247
2017-03-01,79,30.026053731976333,31.283123312691156,-31.28886796089833,91.340975424851
2017-03-01,80,8.05774836701994,27.137820403747806,-45.13237962432576,61.24787635836564
2017-03-01,81,1.5062867823089618,23.241954507272656,-44.04794405194544,47.06051761656337
2017-03-01,82,7.569283674462554,32.30998176221879,-55.758280579486275,70.89684792841138
2017-03-01,83,22.61671927415705,35.56897285922022,-47.09846752991457,92.33190607822867
2017-03-01,84,27.895564348187065,44.096622315167544,-58.53381538954132,114.32494408591545
2017-03-01,85,35.35236919902047,41.291660243045285,-45.579284877348286,116.28402327538923
2017-03-01,86,51.681249912259375,42.44524559457865,-31.51143145311478,134.87393127763352
2017-03-01,87,61.69479490321163,43.864151156386974,-24.278941363306842,147.6685311697301
2017-03-01,88,64.90428280016243,45.01044578036171,-23.316190929346504,153.12475652967137
2017-03-01,89,53.69382195214092,43.337232582555906,-31.247153909668654,138.6347978139505
2017-03-01,90,56.223666209445184,31.67705625094513,-5.8633640424072695,118.31069646129764
2017-03-01,91,35.30491180630884,29.535838112117215,-22.585330893440904,93.19515450605857
2017-03-01,92,27.79495876387466,25.834011390776837,-22.839703562047937,78.42962108979725
2017-03-01,93,15.4901045614655,33.37749717449561,-49.9297899005459,80.9099990234769
2017-03-01,94,27.56708819326252,31.688939435211495,-34.54323309975201,89.67740948627704
2017-03-01,95,33.44546310294044,40.257009474909474,-45.45827546788213,112.349201673763
2017-03-01,96,37.900732930424795,40.77051592876565,-42.009478289955865,117.81094415080545
2017-03-01,97,53.40046683711722,45.93136339747032,-36.62500542192461,143.42593909615906
2017-03-01,98,66.74484680442112,47.15402799819686,-25.677048072044727,159.16674168088696
2017-03-01,99,80.47501535392166,51.96632939515071,-21.37899026057373,182.32902096841707
2017-03-01,100,80.00716679730533,57.95921577729464,-33.59289612619216,193.60722972080282
2017-03-01,101,80.98201405170221,56.11919077977858,-29.011599876663794,190.97562798006823
2018-01-01,-36,-22.397948027440286,17.49695734665666,-56.69198442688734,11.896088372006766
2018-01-01,-35,-20.970107954053333,16.718465921238074,-53.738301159679956,11.79808525157329
2018-01-01,-34,-17.301389486585634,13.84900591309545,-44.44544107625272,9.842662103081448
2018-01-01,-33,-15.15082670177381,11.951760669082775,-38.576277613176046,8.274624209628431
2018-01-01,-32,-12.867784259355986,10.25257166503078,-32.962824722816315,7.227256204104343
2018-01-01,-31,-11.936412279936135,10.62387962796545,-32.75921635074842,8.886391790876147
2018-01-01,-30,-10.55276234514325,9.981800129666464,-30.11709059928952,9.011565909003018
2018-01-01,-29,-10.733145580154257,9.97624231545673,-30.286580518449448,8.820289358140933
2018-01-01,-28,-11.992963177184834,8.511693515287961,-28.675882467149236,4.689956112779569
2018-01-01,-27,-14.198253971406146,9.117515783599426,-32.06858490726102,3.6720769644487277
2018-01-01,-26,-16.18519443938394,9.840049483771907,-35.47169142757688,3.101302548808995
2018-01-01,-25,-15.892368012451008,9.778323452093785,-35.05788197855483,3.2731459536528114
2018-01-01,-24,-10.678010402683967,7.539056218419684,-25.454560590786546,4.0985397854186125
2018-01-01,-23,-8.970217232926153,7.1515702140396655,-22.987294852443895,5.046860386591591
2018-01-01,-22,-6.956745099435132,7.181958224182688,-21.0333832188332,7.119893019962937
2018-01-01,-21,-8.770521352576665,7.386357179247378,-23.247781423901525,5.706738718748195
2018-01-01,-20,-5.1845342221761115,7.329624053613745,-19.55059736725905,9.181528922906828
2018-01-01,-19,-5.443436941953927,9.120725241700239,-23.320058415686393,12.43318453177854
2018-01-01,-18,-5.173091724074553,9.302382784037295,-23.405761980787652,13.059578532638547
2018-01-01,-17,-7.942920038530801,8.771166544889486,-25.134406466514193,9.248566389452591
2018-01-01,-16,-8.934891183669539,7.256587857995566,-23.15780338534085,5.2880210180017695
2018-01-01,-15,-10.905405793057927,7.019380326610257,-24.66339123321403,2.8525796470981764
2018-01-01,-14,-11.458290220940405,6.832131249760617,-24.849267470471215,1.9326870285904043
2018-01-01,-13,-12.640396655032081,8.847078869713663,-29.98067123967086,4.699877929606696
2018-01-01,-12,-8.57554875139009,7.327748789183507,-22.93793637818976,5.786838875409584
2018-01-01,-11,-7.952992528991643,7.147380608909832,-21.961858522454914,6.055873464471627
2018-01-01,-10,-6.326853944811173,9.33207628343765,-24.617723460348966,11.96401557072662
2018-01-01,-9,-5.371203805703368,9.805162407566598,-24.5893221245339,13.846914513127166
2018-01-01,-8,1.3103544791590593,8.54172468277896,-15.431425899087703,18.05213485740582
2018-01-01,-7,4.177484466656908,7.65325793425132,-10.822901084475678,19.177870017789495
2018-01-01,-6,4.559451034685106,8.095781763286963,-11.308281221357342,20.427183290727555
2018-01-01,-5,2.774713439157736,7.03615480255668,-11.016149973853356,16.565576852168828
2018-01-01,-4,0.3808332868490698,4.792316642094535,-9.01210733165622,9.773773905354359
2018-01-01,-3,-0.316347086886247,3.3585383041501142,-6.899082163020471,6.266387989247977
2018-01-01,-2,-2.9768682253825833,3.07000196686197,-8.994072080432044,3.0403356296668775
2018-01-01,0,-0.661149266781127,2.6755689110354335,-5.905264332410576,4.582965798848322
2018-01-01,1,1.8256783570784627,5.717452033984473,-9.380527629531104,13.031884343688029
2018-01-01,2,2.5536294896397216,8.118624020780695,-13.35887359109044,18.466132570369883
2018-01-01,3,4.379633033598047,10.194099903695253,-15.600802777644649,24.360068844840743
2018-01-01,4,7.968280406430356,9.774853746465032,-11.190432936641105,27.126993749501818
2018-01-01,5,9.90415184535958,10.489804174642243,-10.655864336939215,30.464168027658374
2018-01-01,6,10.395448555564695,10.864767193481608,-10.899495143659255,31.690392254788645
2018-01-01,7,9.67003857695229,10.385270375328668,-10.6850913586919,30.02516851259648
2018-01-01,8,8.942805666466484,7.961096606357994,-6.660943681995185,24.546555014928153
2018-01-01,9,6.5241418414876335,8.3939685160733,-9.928036450016034,22.9763201329913
2018-01-01,10,1.1138159282517215,7.369353098576147,-13.330116144957525,15.557748001460968
2018-01-01,11,1.1387037987258743,6.9447997057016195,-12.4731036244493,14.750511221901048
2018-01-01,12,5.78989616906167,7.148619794568457,-8.221398628292507,19.801190966415845
2018-01-01,13,13.436166341709416,9.005721429243275,-4.215047659607404,31.087380343026236
2018-01-01,14,15.41041135414227,10.725228167676077,-5.611035854502841,36.43185856278738
2018-01-01,15,16.560712350117235,10.068579936700377,-3.1737043258155033,36.29512902604998
2018-01-01,16,16.22164170405229,11.966979148011953,-7.233637426051139,39.676920834155716
2018-01-01,17,19.171088325652384,11.837037027070933,-4.029504247406642,42.37168089871141
2018-01-01,18,19.712911707403777,12.94017515689895,-5.649831600118166,45.075655014925715
2018-01-01,19,20.69036493176168,11.001785937246618,-0.8731355052416916,42.25386536876505
2018-01-01,20,19.154865148312425,11.404424480475265,-3.1978068334190937,41.50753713004394
2018-01-01,21,20.800793970301683,10.020863513659167,1.1599014835297154,40.44168645707365
2018-01-01,22,17.60932508131546,9.17783943378289,-0.37924020889900234,35.59789037152993
2018-01-01,23,17.79377998509736,9.647556140125426,-1.1154300495484755,36.7029900197432
2018-01-01,24,16.176022960874704,9.819001137912844,-3.0692192694344698,35.42126519118388
2018-01-01,25,21.86216822421511,12.241084856001523,-2.1303580935478728,45.85469454197809
2018-01-01,26,26.390398394278506,13.036389432847232,0.8390751058979333,51.94172168265908
2018-01-01,27,27.741201322386488,15.677172437610182,-2.9860566553294667,58.46845930010244
2018-01-01,28,30.210692797023967,13.614723004367228,3.5258357084642,56.89554988558373
2018-01-01,29,27.243129635796066,13.477365762791937,0.8274927407238692,53.65876653086826
2018-01-01,30,30.91024670055836,11.231926281569342,8.895671188682453,52.924822212434265
2018-01-01,31,25.64604016137269,9.151995036077652,7.708129890660491,43.58395043208489
2018-01-01,32,26.641273860570124,8.7834775093331,9.425657942277248,43.856889778863
2018-01-01,33,23.556674107364955,12.871090956813239,-1.670664167988992,48.7840123827189
2018-01-01,34,22.71638879399255,19.18242407846239,-14.88116239979373,60.31393998777883
2018-01-01,35,18.006068122887356,21.258872126503014,-23.661321245058552,59.673457490833265
2018-01-01,36,17.518919481507908,18.5734399920008,-18.88502290281366,53.922861865829475
2018-01-01,37,16.287237338713865,13.880651103823329,-10.918838824779858,43.493313502207585
2018-01-01,38,24.0007124327428,10.367608471854972,3.6801998279070567,44.32122503757854
2018-01-01,39,29.106639116561595,10.701942783208407,8.130831261473116,50.08244697165007
2018-01-01,40,33.979981122115035,12.03929467875116,10.38296355176276,57.57699869246731
2018-01-01,41,31.90309903282774,13.111565381873312,6.2044308843560465,57.60176718129944
2018-01-01,42,31.016491206072814,14.218834727577757,3.147575140020411,58.88540727212522
2018-01-01,43,34.48949121002421,15.017530523371226,5.055131384216608,63.92385103583182
2018-01-01,44,37.00344970669531,16.260041023718713,5.13376930020663,68.87313011318398
2018-01-01,45,38.74233554641032,16.748234602298243,5.91579572590576,71.56887536691488
2018-01-01,46,36.50933827357554,15.892137603022203,5.360748571652021,67.65792797549905
2018-01-01,47,40.32962574746148,17.674967647619567,5.686689158127123,74.97256233679583
2018-01-01,48,39.53570857567331,17.474391990327863,5.2859002746306984,73.78551687671592
2018-01-01,49,45.01477028560774,19.673886214428254,6.453953305328362,83.57558726588712
2018-01-01,50,43.402431665579,19.11404751412863,5.938898537886892,80.8659647932711
2018-01-01,51,47.75266958484576,21.397848665551457,5.8128862003649076,89.69245296932661
2018-01-01,52,43.246357417328056,22.930209042570052,-1.6968523061092426,88.18956714076535
2018-01-01,53,44.45893023521418,23.959711868704176,-2.5021050274459995,91.41996549787436
2018-01-01,54,47.16781897148644,22.655454369788412,2.7631284067011563,91.57250953627172
2018-01-01,55,52.52191064169779,22.505261362932263,8.411598370350553,96.63222291304501
2018-01-01,56,56.921161743795295,20.16863113221506,17.390644724653775,96.45167876293681
2018-01-01,57,58.06382741679528,20.494011790858906,17.895564306711826,98.23209052687872
2018-01-01,58,57.38281812234567,19.763766578599594,18.645835628290463,96.11980061640088
2018-01-01,59,55.99728810416934,19.321700193333186,18.1267557252363,93.86782048310238
2018-01-01,60,54.88164366164159,19.210279979675164,17.22949490147827,92.53379242180492
2018-01-01,61,56.76843065086456,18.422355556401648,20.660613760317332,92.87624754141179
2018-01-01,62,56.57257926633656,19.56842955130554,18.2184573457777,94.92670118689543
2018-01-01,63,61.166981653902496,20.8647027698181,20.272164225059022,102.06179908274598
2018-01-01,64,64.01641597684937,24.260313985868564,16.466200564546988,111.56663138915175
2018-01-01,65,70.02954968258052,25.878151517775848,19.308372707739863,120.75072665742118
2018-01-01,66,73.84589487921295,26.31970803444386,22.259267131702984,125.43252262672291
2018-01-01,67,77.3678627701259,24.37629893587881,29.59031685580343,125.14540868444837
2018-01-01,68,76.71661668384752,26.172025632673783,25.419446443806905,128.01378692388812
2018-01-01,69,76.60836379299866,27.681367923974282,22.352882662009065,130.86384492398827
2018-01-01,70,73.17511609236311,30.312764728014262,13.762097225455157,132.58813495927106
2018-01-01,71,72.00396789238806,27.81763376882714,17.48140570548687,126.52653007928924
2018-01-01,72,71.98181364390399,24.40193873950641,24.154013714471432,119.80961357333655
2018-01-01,73,74.00255990568496,25.110122446280403,24.78671991097537,123.21839990039456
2018-01-01,74,76.61586678145761,27.15728102996929,23.387595962717803,129.84413760019743
2018-01-01,75,77.11212048708421,29.37180989249129,19.543373097801286,134.68086787636713
2018-01-01,76,78.99149827503288,30.45486552138425,19.299961853119754,138.683034696946
2018-01-01,77,87.12141991939217,30.326426980434928,27.681623037739712,146.56121680104462
2018-01-01,78,90.2015738006981,31.328485980265572,28.797741279377576,151.6054063220186
2018-01-01,79,92.81497483216742,30.38108437640716,33.26804945440939,152.36190020992547
2018-01-01,80,84.37898505902632,29.45730526193403,26.642666745635616,142.11530337241703
2018-01-01,81,77.22352820707698,27.011768325391525,24.28046228930959,130.16659412484438
2018-01-01,82,73.75665749247423,27.204174663446388,20.436475152119314,127.07683983282915
2018-01-01,83,79.69580133343294,32.22887048470286,16.527215183415336,142.86438748345054
2018-01-01,84,79.12814652329598,33.175574206227644,14.104021079089804,144.15227196750214
2018-01-01,85,83.69714637968622,32.071120468267004,20.83775026188289,146.55654249748954
2018-01-01,86,77.89611509118578,34.39336663103205,10.485116494362956,145.3071136880086
2018-01-01,87,90.3753866362058,35.4857903697735,20.823237511449747,159.92753576096186
2018-01-01,88,89.41195488084855,38.884621162436915,13.1980974024722,165.6258123592249
2018-01-01,89,92.57408023319374,35.96041613529225,22.091664608020935,163.05649585836653
2018-01-01,90,93.42232546528737,37.10827202653998,20.69011229326901,166.15453863730573
2018-01-01,91,94.2831983274329,35.46518883472712,24.771428211367734,163.79496844349808
2019-01-01,-48,-51.00999619131342,13.964833747055936,-78.38107033554306,-23.638922047083785
2019-01-01,-47,-45.913732778451205,12.64564109379222,-70.69918932228396,-21.128276234618454
2019-01-01,-46,-40.738044289403064,10.915329115647104,-62.13208935607139,-19.34399922273474
2019-01-01,-45,-34.026837144098124,8.867769314593628,-51.407665000701634,-16.646009287494614
2019-01-01,-44,-30.011848162770562,8.16189438568634,-46.009161158715784,-14.014535166825336
2019-01-01,-43,-23.04496037970162,8.943691170682843,-40.574595074239994,-5.515325685163248
2019-01-01,-42,-20.705754128029767,9.240879170389665,-38.817877301993505,-2.5936309540660254
2019-01-01,-41,-19.675127074441107,9.64785101104968,-38.58491505609848,-0.7653390927837371
2019-01-01,-40,-24.100027682030074,9.5970650974532,-42.910275273038344,-5.289780091021804
2019-01-01,-39,-30.67736850619241,8.880858894717957,-48.083851939839604,-13.270885072545212
2019-01-01,-38,-33.42252086513203,9.069759801020691,-51.19925007513258,-15.645791655131475
2019-01-01,-37,-34.26076417148458,8.90937131781127,-51.723131954394674,-16.798396388574492
2019-01-01,-36,-30.552218969642823,9.49594629391703,-49.1642737057202,-11.940164233565447
2019-01-01,-35,-26.180398940705274,9.436955945749654,-44.676832594374595,-7.683965287035953
2019-01-01,-34,-20.332459042046807,9.502592301860156,-38.95753995369272,-1.707378130400901
2019-01-01,-33,-14.225945397803045,7.839321566658796,-29.591015668454286,1.1391248728481962
2019-01-01,-32,-10.41164966111819,7.2950992566291495,-24.710044204111323,3.886744881874943
2019-01-01,-31,-6.958604109263575,7.346769538435634,-21.358272404597418,7.4410641860702675
2019-01-01,-30,-3.2890010799195295,8.121162991105342,-19.206480542486,12.62847838264694
2019-01-01,-29,-0.4238993517910927,7.060875544583859,-14.263215419175456,13.41541671559327
2019-01-01,-28,-3.2658747543861324,6.772720312667481,-16.540406567214397,10.00865705844213
2019-01-01,-27,-8.574607163418037,6.081657491128698,-20.494655846030284,3.3454415191942104
2019-01-01,-26,-21.389059589233085,6.492622052412375,-34.11459881196134,-8.66352036650483
2019-01-01,-25,-27.7234861362109,9.402687365222427,-46.15275337204686,-9.294218900374947
2019-01-01,-24,-22.36237956020942,9.965566220942508,-41.89488935325673,-2.829869767162105
2019-01-01,-23,-12.745789060019582,8.818306629225619,-30.029670053301796,4.538091933262631
2019-01-01,-22,1.388450111512661,7.624891955804589,-13.556338121864334,16.333238344889658
2019-01-01,-21,2.4597074004434276,6.488343793707486,-10.257446435223244,15.1768612361101
2019-01-01,-20,6.975050759218831,6.4599591844969915,-5.6864692423952725,19.636570760832935
2019-01-01,-19,8.177411878449938,6.577241626688326,-4.713981709859182,21.06880546675906
2019-01-01,-18,11.500513400321623,7.709006878856577,-3.6091400822372677,26.610166882880513
2019-01-01,-17,10.378467747283814,6.969407496162334,-3.2815709451943604,24.03850643976199
2019-01-01,-16,6.020546416889701,4.896932796495553,-3.5774418642415817,15.618534698020984
2019-01-01,-15,-0.6057297567363413,5.085535304332349,-10.573378953227746,9.361919439755063
2019-01-01,-14,-5.306359079598057,6.823057377177073,-18.67955153886512,8.066833379669006
2019-01-01,-13,-8.053851655578733,7.376271342287769,-22.51134348646276,6.403640175305295
2019-01-01,-12,-5.257840680534976,7.493283289863995,-19.944675928668406,9.428994567598455
2019-01-01,-11,-3.4861666776797104,6.371166071957026,-15.973652178715481,9.00131882335606
2019-01-01,-10,1.8394921056940543,6.737200392153234,-11.365420662926285,15.044404874314393
2019-01-01,-9,8.477051977801404,6.498432803040716,-4.259876316158399,21.21398027176121
2019-01-01,-8,15.723205130345736,6.431126631717815,3.1181969321788188,28.328213328512653
2019-01-01,-7,20.589725782677615,6.541428946382549,7.7685250477678185,33.41092651758741
2019-01-01,-6,19.21179375468847,5.927361734552693,7.59416475496519,30.829422754411745
2019-01-01,-5,18.961770952455076,5.26129456181787,8.649633611292051,29.2739082936181
2019-01-01,-4,12.529265223288048,4.398876569819629,3.907467146441576,21.15106330013452
2019-01-01,-3,3.299618439399521,3.741379429017097,-4.033485241473989,10.63272212027303
2019-01-01,-2,0.172028085446293,2.098595476553943,-3.941219048599435,4.2852752194920205
2019-01-01,0,6.40801375153459,2.842288343074293,0.8371285991089756,11.978898903960204
2019-01-01,1,9.194507099115096,5.284863668891358,-1.1638256919119652,19.55283989014216
2019-01-01,2,14.441460774552084,7.136109743513785,0.4546856772650649,28.428235871839103
2019-01-01,3,19.426888175989184,7.18929291448673,5.335874063595194,33.517902288383176
2019-01-01,4,22.093785810098524,6.979871738770669,8.413237202108013,35.77433441808903
2019-01-01,5,23.360036080478416,7.15143829888161,9.343217014670461,37.376855146286374
2019-01-01,6,24.134215495818697,7.4409022523465325,9.550047081219494,38.7183839104179
2019-01-01,7,23.064540282873644,7.632443641489777,8.104950745553682,38.02412982019361
2019-01-01,8,18.086900522935522,6.9319470322213,4.500284339781773,31.673516706089273
2019-01-01,9,8.023035575388327,7.463167372289768,-6.604772474299619,22.650843625076273
2019-01-01,10,5.662581605835143,7.3409194355249685,-8.725620487793794,20.05078369946408
2019-01-01,11,2.328134759202918,9.489524916683086,-16.27133407749593,20.927603595901765
2019-01-01,12,8.692116201503737,8.07192072372555,-7.1288484169983395,24.51308082000581
2019-01-01,13,14.214047654883935,10.059308716958398,-5.502197430354524,33.9302927401224
2019-01-01,14,24.58683082899858,10.238185813049046,4.519986635422448,44.65367502257471
2019-01-01,15,29.831658828376277,10.27348825155774,9.695621855323107,49.96769580142944
2019-01-01,16,27.518101087729498,9.02397568090982,9.831108753146253,45.20509342231274
2019-01-01,17,23.38073210594402,9.243348108722822,5.26376981284729,41.49769439904075
2019-01-01,18,17.895391834171342,9.084892217385663,0.089003088095442,35.701780580247245
2019-01-01,19,13.174444839215472,8.665898608940841,-3.8107164343085778,30.15960611273952
2019-01-01,20,6.331055648641673,8.228099171071419,-9.796018726658307,22.458130023941653
2019-01-01,21,-4.6473361815950724,10.782141313949197,-25.780333156935498,16.485660793745353
2019-01-01,22,-10.422389319150263,15.042838442618345,-39.90635266668222,19.061574028381692
2019-01-01,23,-16.209923384981316,18.545833658695386,-52.55975735602427,20.13991058606164
2019-01-01,24,-12.092470823405733,17.799401363198587,-46.97929749527496,22.794355848463496
2019-01-01,25,-7.722182988672202,13.52517784362225,-34.23153156217181,18.78716558482741
2019-01-01,26,0.4935375945092062,9.308745275962416,-17.75160314637713,18.73867833539554
2019-01-01,27,6.756009430332604,8.510561973430878,-9.924692037591917,23.436710898257125
2019-01-01,28,12.24743327288833,8.629123783359875,-4.665649342497023,29.160515888273682
2019-01-01,29,14.441136036364014,8.923602991174597,-3.049125826338198,31.931397899066226
2019-01-01,30,15.13948703789248,9.91836698267722,-4.300512248154874,34.57948632393983
2019-01-01,31,10.919151037486316,10.618892378665223,-9.893878024697521,31.732180099670153
2019-01-01,32,9.799190856284653,12.053637156755416,-13.825937970955962,33.42431968352527
2019-01-01,33,5.970203015577297,12.3295202594154,-18.195656692876884,30.13606272403148
2019-01-01,34,5.819334456909544,12.487958350604194,-18.657063910274676,30.295732824093765
2019-01-01,35,8.790721585194717,13.17489410214791,-17.032070855015185,34.61351402540462
2019-01-01,36,14.700322896843772,12.644381461951129,-10.08266476858044,39.48331056226799
2019-01-01,37,20.97022804666318,13.19081770013654,-4.883774645604436,46.824230738930794
2019-01-01,38,23.66637782721665,12.522348906643645,-0.8774260298048944,48.210181684238194
2019-01-01,39,25.2659042375644,13.768241382280364,-1.7198488717051141,52.25165734683391
2019-01-01,40,27.343704798049316,13.877697050404732,0.14341857925604273,54.54399101684259
2019-01-01,41,28.483479624086897,14.781446286376188,-0.4881550972104307,57.455114345384224
2019-01-01,42,35.8182271160517,15.07500838957727,6.271210672480251,65.36524355962315
2019-01-01,43,37.18843554022979,15.293534485564065,7.213107948524225,67.16376313193535
2019-01-01,44,38.65889856955056,13.881720991413815,11.450725426379481,65.86707171272164
2019-01-01,45,35.85639010436205,12.46430451145315,11.426353261913874,60.286426946810224
2019-01-01,46,36.446701702813755,12.130023262320142,12.671856108666276,60.22154729696123
2019-01-01,47,40.96674451733378,11.762440863948331,17.91236042399505,64.0211286106725
2019-01-01,48,43.73137711329068,12.500137767026262,19.231107089919202,68.23164713666215
2019-01-01,49,45.417733458896606,12.273061790661094,21.362532349200862,69.47293456859235
2019-01-01,50,47.24346332412935,14.174105641884706,19.462216266035327,75.02471038222338
2019-01-01,51,49.7391492063644,14.970948867049394,20.39608942694759,79.08220898578122
2019-01-01,52,56.69893296970827,17.040358407705625,23.299830490605245,90.09803544881129
2019-01-01,53,66.7030580950593,18.350074294570316,30.736912477701487,102.66920371241713
2019-01-01,54,72.1900786124325,19.299504396690352,34.36304999491941,110.0171072299456
2019-01-01,55,72.13934262827593,18.38297078887638,36.10871988207822,108.16996537447363
2019-01-01,56,60.70989389835614,18.138725584110283,25.157991753499992,96.26179604321229
2019-01-01,57,54.55272381861681,19.177798368058657,16.964239017221843,92.14120862001178
2019-01-01,58,48.42199732437672,21.780475144386678,5.7322660413788284,91.1117286073746
2019-01-01,59,47.86453525450389,20.846849673960342,7.004709893541623,88.72436061546617
2019-01-01,60,49.910367904652446,17.607071819020224,15.400507139372806,84.42022866993209
2019-01-01,61,54.71918951522389,16.505170461046575,22.369055411572603,87.06932361887517
2019-01-01,62,58.840686198413266,17.300336687189503,24.932026291521844,92.74934610530468
2019-01-01,63,61.35029759885413,18.267655449327293,25.545692918172634,97.15490227953562
2019-01-01,64,66.88700670812142,20.006892886702857,27.67349665018382,106.10051676605902
2019-01-01,65,72.37672167869795,21.165350749626633,30.89263420942975,113.86080914796614
2019-01-01,66,75.38095587823409,21.92294351945672,32.41198658009892,118.34992517636925
2019-01-01,67,72.50512780034518,21.183387795353877,30.985687721451583,114.02456787923877
2019-01-01,68,67.81774288205469,18.851106507215466,30.869574127912372,104.765911636197
2019-01-01,69,56.24517819046082,17.480383462919143,21.9836266031393,90.50672977778234
2019-01-01,70,41.908956990181196,17.987892982791106,6.652686743910628,77.16522723645176
2019-01-01,71,44.0222307722766,21.87250964360979,1.1521118708014129,86.8923496737518
2019-01-01,72,53.77556523260222,22.90475183817613,8.88225162977701,98.66887883542742
2019-01-01,73,67.74100396222451,22.749380854100046,23.15221748818842,112.3297904362606
2019-01-01,74,65.05712617385745,22.3138998039312,21.321882558152303,108.7923697895626
2019-01-01,75,71.33065302348876,23.08879037537848,26.076623887746948,116.58468215923058
2019-01-01,76,75.1344173064657,24.995862201491818,26.142527391541748,124.12630722138967
2019-01-01,77,78.59618181116474,24.957578043011463,29.679328846862276,127.5130347754672
2019-01-01,78,79.31738154692766,27.31495479465575,25.78007014940239,132.85469294445295
2019-01-01,79,82.3978465445968,27.107775500335677,29.26660656393888,135.52908652525474
2019-10-01,-57,-12.63197042968406,17.691647418884042,-47.30759937069678,22.04365851132866
2019-10-01,-56,-13.101023819611868,17.48222020313909,-47.36617541776448,21.164127778540745
2019-10-01,-55,-16.93764258737798,16.576806656369097,-49.42818363386141,15.55289845910545
2019-10-01,-54,-20.90275389043245,14.689923232450875,-49.695003426036166,7.889495645171262
2019-10-01,-53,-23.773661796737713,14.878109261985907,-52.93475595023009,5.387432356754665
2019-10-01,-52,-22.81248592810391,13.812547532462185,-49.88507909172979,4.260107235521971
2019-10-01,-51,-23.92707379135183,13.697070515950868,-50.77333200261553,2.919184419911872
2019-10-01,-50,-23.971636197574156,13.655125092203813,-50.73568137829363,2.7924089831453145
2019-10-01,-49,-24.492099137219057,13.662642067334836,-51.27087758919534,2.2866793147572224
2019-10-01,-48,-20.273445008906293,14.953198099714578,-49.58171328434686,9.034823266534278
2019-10-01,-47,-19.075350178771686,15.1173726896125,-48.70540065041219,10.554700292868812
2019-10-01,-46,-18.359038018108805,15.516126228782143,-48.77064542652181,12.052569390304196
2019-10-01,-45,-19.138933605314534,15.327605017759916,-49.18103944012397,10.903172229494903
2019-10-01,-44,-21.897028410946305,15.814745911241772,-52.89393039698018,9.099873575087567
2019-10-01,-43,-23.935573424222554,15.533387879273366,-54.38101366759835,6.509866819153245
2019-10-01,-42,-27.05304719668804,13.604622179211468,-53.71810666794252,-0.38798772543356463
2019-10-01,-41,-28.760809556458213,13.085999799384197,-54.40936916325124,-3.1122499496651876
2019-10-01,-40,-30.104277493322712,12.603594953182084,-54.807323601559595,-5.401231385085829
2019-10-01,-39,-27.28339351515956,13.81478660175748,-54.36037525460422,-0.20641177571490132
2019-10-01,-38,-27.78960695801638,14.182153080486655,-55.58662699577022,0.007413079737464301
2019-10-01,-37,-23.408743268245047,15.752670679655578,-54.28397780036998,7.466491263879885
2019-10-01,-36,-18.84125569119844,16.558496584979213,-51.2959089977577,13.613397615360817
2019-10-01,-35,-11.183678761436084,17.874943727270132,-46.21856846688554,23.851210944013374
2019-10-01,-34,-7.8792237868466515,19.175473566976372,-45.46315197812034,29.704704404427034
2019-10-01,-33,-7.534285250241311,19.77834501280335,-46.299841475335874,31.231270974853253
2019-10-01,-32,-8.781014151484811,18.32012168770026,-44.688452659377326,27.126424356407703
2019-10-01,-31,-22.055104234451278,17.175729455479704,-55.719533967191495,11.60932549828894
2019-10-01,-30,-22.4844539507623,15.54790470878516,-52.95834717998122,7.9894392784566115
2019-10-01,-29,-23.282967717799934,11.747040702819426,-46.30716749532601,-0.2587679402738594
2019-10-01,-28,-15.515795760986038,11.245417412821237,-37.55681389011566,6.525222368143584
2019-10-01,-27,-17.375752082689218,10.189357929197383,-37.34689362391609,2.595389458537653
2019-10-01,-26,-16.71574578720697,10.733259045876006,-37.752933517123935,4.321441942709999
2019-10-01,-25,-16.30971784575415,10.229222672214886,-36.35899428329533,3.739558591787027
2019-10-01,-24,-6.917543290769075,12.335977454948653,-31.096059102468434,17.260972520930284
2019-10-01,-23,-1.0314328206349899,11.905830371429946,-24.366860348637683,22.303994707367703
2019-10-01,-22,1.9819865157485026,12.109043818178703,-21.751739367881754,25.71571239937876
2019-10-01,-21,-2.3414702908167726,11.660017109684432,-25.19510382579826,20.512163244164714
2019-10-01,-20,-0.7744153282257429,11.625643600826283,-23.560676785845256,22.01184612939377
2019-10-01,-19,-2.2910059713830293,10.17435892050489,-22.232749455572613,17.650737512806554
2019-10-01,-18,-3.3092608526484213,10.20921008304026,-23.31931261540733,16.700790910110488
2019-10-01,-17,-4.709808868226169,8.665958499358643,-21.695087526969107,12.27546979051677
2019-10-01,-16,-5.620233738104034,9.1806225309726,-23.61425389881033,12.373786422602262
2019-10-01,-15,-7.922090832567889,8.692489266996732,-24.959369795881486,9.115188130745707
2019-10-01,-14,-11.989781434190704,7.738303818569732,-27.15685691858738,3.1772940502059708
2019-10-01,-13,-8.886742551486563,5.20662175469988,-19.091721190698326,1.3182360877252002
2019-10-01,-12,-0.5052134978385538,6.216546453697168,-12.689644547085003,11.679217551407895
2019-10-01,-11,1.0056402495340038,7.613901418417489,-13.917606530564274,15.928887029632282
2019-10-01,-10,4.855360164829264,8.397002688037606,-11.602765103724444,21.313485433382972
2019-10-01,-9,-1.0272161912823137,6.95054069977228,-14.650275962835982,12.595843580271355
2019-10-01,-8,1.093634860307212,6.22344388432229,-11.104315152964476,13.2915848735789
2019-10-01,-7,-2.6981131461759134,5.123511055700854,-12.740194815349588,7.343968522997761
2019-10-01,-6,-6.14958737029211,6.129404577599511,-18.163220342387152,5.864045601802932
2019-10-01,-5,-7.941833224026428,4.7646046006577025,-17.280458241315525,1.3967917932626683
2019-10-01,-4,-8.33854714721313,4.747998880528082,-17.644624953048172,0.9675306586219108
2019-10-01,-3,-8.124229045769248,3.55156059872174,-15.085287819263858,-1.1631702722746375
2019-10-01,-2,-6.982005906675603,2.9927197985517444,-12.847736711837022,-1.1162751015141845
2019-10-01,0,11.93369737179221,2.9660504103200522,6.120238567564908,17.747156176019512
2019-10-01,1,13.336055844871703,4.307658296324362,4.893045584075953,21.779066105667454
2019-10-01,2,16.94032488849882,5.878842823423298,5.417792954589158,28.462856822408483
2019-10-01,3,8.277856482310046,5.075159830936326,-1.6694567863251528,18.225169750945245
2019-10-01,4,3.642385842531368,4.87888361011449,-5.920226033293032,13.204997718355768
2019-10-01,5,-6.005911014350744,6.32544882284828,-18.403790707133375,6.391968678431885
2019-10-01,6,-4.309872660283041,5.98852528006088,-16.047382209202368,7.427636888636284
2019-10-01,7,0.8234426855747365,6.311656853204391,-11.547404746705869,13.194290117855342
2019-10-01,8,5.29370466526878,6.047311437390182,-6.559025752015978,17.146435082553538
2019-10-01,9,11.361795285244538,6.334626131136977,-1.0540719317839358,23.77766250227301
2019-10-01,10,14.311339538200604,6.746955538354231,1.087306683026311,27.5353723933749
2019-10-01,11,21.35070765476835,8.726649175612152,4.246475270568531,38.45494003896817
2019-10-01,12,31.20737842668458,12.08059732527974,7.52940766913629,54.88534918423287
2019-10-01,13,44.564575643454965,15.747125623542688,13.700209421311296,75.42894186559863
2019-10-01,14,51.083337721557974,16.333392210501763,19.06988898897452,83.09678645414144
2019-10-01,15,47.125989970129424,14.817351458385657,18.083981111693536,76.16799882856532
2019-10-01,16,40.54617701796263,13.269201169576963,14.538542725591782,66.55381131033347
2019-10-01,17,34.913355763207264,11.568977346099611,12.238160164852026,57.5885513615625
2019-10-01,18,37.45245541466078,11.775688541985131,14.372105872369925,60.53280495695164
2019-10-01,19,34.42317639281019,11.021118964497072,12.82178322239593,56.02456956322445
2019-10-01,20,32.90655356147616,10.194477374845727,12.925377906778536,52.88772921617378
2019-10-01,21,23.31943741546956,9.49359513770557,4.711990945566644,41.926883885372476
2019-10-01,22,21.74707456575336,10.49184128808508,1.1830656411066016,42.311083490400115
2019-10-01,23,17.429967092793234,11.106698102766071,-4.339161188628264,39.199095374214735
2019-10-01,24,25.169012160635432,12.151158262928593,1.3527419652953903,48.98528235597547
2019-10-01,25,32.044420487285635,12.469267569642277,7.604656050786772,56.4841849237845
2019-10-01,26,37.32010891613736,13.993924154595065,9.892017573131028,64.74820025914369
2019-10-01,27,32.0314373000692,13.172212095948316,6.213901592010501,57.8489730081279
2019-10-01,28,32.60710261962967,14.257541667283949,4.662320951753131,60.55188428750621
2019-10-01,29,28.751679484459416,13.250893529791671,2.779928166067741,54.72343080285109
2019-10-01,30,40.34048478895383,14.125478023768704,12.65454786236717,68.0264217155405
2019-10-01,31,45.61988157284938,13.4934868698963,19.172647307852632,72.06711583784613
2019-10-01,32,48.53720812872105,13.915471395322687,21.26288419388858,75.81153206355351
2019-10-01,33,33.73278933619436,12.66023283329009,8.918732982945784,58.54684568944293
2019-10-01,34,23.583457798717433,13.446801708989778,-2.7722735509025327,49.9391891483374
2019-10-01,35,14.873033145369874,12.219109535190778,-9.076421543604052,38.822487834343804
2019-10-01,36,14.670535667722277,13.146884194198678,-11.097357352907132,40.438428688351685
2019-10-01,37,13.14027351323378,13.432192568346883,-13.186823920726109,39.46737094719367
2019-10-01,38,14.724952548732489,13.474901086888169,-11.68585358156832,41.1357586790333
2019-10-01,39,8.735039389477862,12.345645231350145,-15.462425263968424,32.93250404292415
2019-10-01,40,1.8704432298536062,10.511960115999633,-18.732998597505674,22.473885057212886
2019-10-01,41,-2.5071780231459115,11.414970241455853,-24.880519696399382,19.86616365010756
2019-10-01,42,-0.810132971803057,14.871518461319994,-29.958309155990243,28.33804321238413
2019-10-01,43,-4.540553932713891,16.439085349094988,-36.76116121694007,27.680053351512285
2019-10-01,44,-10.456218411842997,17.253662692524003,-44.273397289190044,23.36096046550405
2019-10-01,45,-18.818978369563126,17.232377181511712,-52.59443764532608,14.956480906199829
2019-10-01,46,-23.932022641721602,19.353247639803545,-61.86438801573655,14.000342732293348
2019-10-01,47,-22.49071772234322,21.52341955275148,-64.67662004573612,19.695184601049682
2019-10-01,48,-20.64688613754231,22.642433000669136,-65.02605481885382,23.732282543769195
2019-10-01,49,-20.884300646332065,21.304750892358147,-62.64161239535403,20.8730111026899
2019-10-01,50,-20.68801868107016,19.483741010081097,-58.87615106082911,17.500113698688786
2019-10-01,51,-12.44985165224108,17.3635878965878,-46.48248392955316,21.582780625071003
2019-10-01,52,-13.222918359948949,19.687491599885547,-51.810401895724624,25.364565175826726
2019-10-01,53,-12.549455182229678,23.004819694942192,-57.638901784316374,32.53999141985702
2019-10-01,54,-18.0817814463677,25.51073853333424,-68.08282897170281,31.91926607896741
2019-10-01,55,-21.3639767863732,26.515663162235434,-73.33467658435465,30.606723011608253
2019-10-01,56,-26.982474280964993,26.322316403083686,-78.57421443100901,24.60926586907903
2019-10-01,57,-29.213365407522076,28.4834103586588,-85.04084971049332,26.614118895449174
2019-10-01,58,-22.27691308972112,28.067516999685452,-77.2892464091046,32.73542022966237
2019-10-01,59,-17.549616640899956,26.742742803819606,-69.96539253638639,34.86615925458647
2019-10-01,60,-16.766080648016953,22.503512963944672,-60.872966057348506,27.3408047613146
2019-10-01,61,-15.377224186561705,21.4079547993664,-57.33681559331985,26.58236722019644
2019-10-01,62,-11.311636629443967,25.547993546556167,-61.38570398069405,38.76243072180612
2019-10-01,63,-17.012072442027147,26.005656848510544,-67.98315986510781,33.95901498105352
2019-10-01,64,-15.624213161432522,26.333756309377424,-67.23837552781228,35.98994920494723
2019-10-01,65,-21.805635105191072,29.91570260101763,-80.44041220318563,36.829141992803486
2019-10-01,66,-22.8826179246891,34.326612221016774,-90.16277787788198,44.39754202850378
2019-10-01,67,-28.467237639075506,37.051980664415005,-101.08911974132891,44.1546444631779
2019-10-01,68,-29.84011779412816,30.802742536835293,-90.21349316632534,30.533257578069012
2019-10-01,69,-25.504560939973658,28.52880005850226,-81.42100905463809,30.41188717469077
2019-10-01,70,-23.388727850874602,27.60661042087288,-77.49768427578545,30.72022857403624
2020-01-01,-60,-7.49068250487386,18.782611309439005,-44.30460067137431,29.32323566162659
2020-01-01,-59,-5.82033724973374,17.549786987622827,-40.21791974547448,28.577245246007003
2020-01-01,-58,3.5140655172953643,15.948104399019286,-27.744219104782434,34.77235013937316
2020-01-01,-57,10.035024180387552,14.579001709945173,-18.539819171104988,38.60986753188009
2020-01-01,-56,16.390358469893414,13.587864990466787,-10.24185691142149,43.02257385120832
2020-01-01,-55,17.599286434444252,12.707145172173847,-7.30671810301649,42.505290971905
2020-01-01,-54,17.462018080103377,12.302525577508316,-6.650932051812923,41.57496821201968
2020-01-01,-53,18.925092726497184,12.44228850040275,-5.461792734292207,43.31197818728657
2020-01-01,-52,13.325006293680602,12.67579162569583,-11.519545292683222,38.16955788004442
2020-01-01,-51,11.467760173713657,13.1993770596747,-14.403018863248757,37.338539210676075
2020-01-01,-50,8.448969655991576,13.585996770832706,-18.17958401484053,35.07752332682368
2020-01-01,-49,9.558258512099357,13.61116037880797,-17.119615830364264,36.23613285456298
2020-01-01,-48,12.539639875109089,12.660727251669726,-12.275385538163576,37.35466528838175
2020-01-01,-47,13.566792053246672,11.704186828520905,-9.3734141306543,36.50699823714764
2020-01-01,-46,16.004198353190958,10.90734372520137,-5.3741953482037275,37.38259205458564
2020-01-01,-45,14.500446117652189,11.020767015447973,-7.1002572326258395,36.10114946793021
2020-01-01,-44,18.50912528785568,10.556247301436004,-2.1811194229588864,39.19936999867025
2020-01-01,-43,20.136482931007137,9.933144134799734,0.6675204267996584,39.60544543521462
2020-01-01,-42,19.446701267519884,9.836033202402572,0.16807619081084368,38.725326344228925
2020-01-01,-41,19.663242706071202,9.32785709089564,1.3806428079157484,37.945842604226655
2020-01-01,-40,16.00299282550938,9.085820674398951,-1.8052156963125618,33.81120134733132
2020-01-01,-39,20.10503367437265,9.250784755600526,1.9734955533956189,38.236571795349676
2020-01-01,-38,15.547681128388973,10.151295226237067,-4.348857515035679,35.44421977181362
2020-01-01,-37,15.183412026246643,11.708231762227982,-7.764722227720203,38.131546280213485
2020-01-01,-36,12.866830203814857,10.982998501956853,-8.659846860020576,34.39350726765029
2020-01-01,-35,17.41465861490863,9.480523339361245,-1.167167130239406,35.99648436005667
2020-01-01,-34,19.400868565090995,8.522276740950206,2.697206152828592,36.1045309773534
2020-01-01,-33,19.790476153510063,8.017685666025002,4.075812248101059,35.50514005891907
2020-01-01,-32,19.610922030393418,7.21643587611701,5.4667077132040784,33.755136347582756
2020-01-01,-31,20.605471601185002,6.913687974232876,7.054643171688564,34.156300030681436
2020-01-01,-30,17.201287367881406,7.300561531412505,2.8921867663128964,31.510387969449916
2020-01-01,-29,13.94463287231838,7.397982470253551,-0.5554127693785791,28.444678514015337
2020-01-01,-28,13.31144123747918,7.321551953286843,-1.0388005909630316,27.66168306592139
2020-01-01,-27,13.884350142373911,7.002042884190597,0.1603460893603419,27.60835419538748
2020-01-01,-26,10.843841637586372,7.640783965110236,-4.1320949340296895,25.819778209202433
2020-01-01,-25,13.694821508873005,7.720878087191403,-1.4380995420221456,28.827742559768154
2020-01-01,-24,14.7318416869145,8.040328392103094,-1.0272019616075632,30.490885335436563
2020-01-01,-23,18.08904826167067,7.426917287312735,3.5322903785377093,32.64580614480363
2020-01-01,-22,13.594384298236541,5.95909670014247,1.9145547659573001,25.274213830515784
2020-01-01,-21,14.3115805794559,5.713399320714418,3.113317910855642,25.509843248056157
2020-01-01,-20,12.39627175819411,5.456107748730656,1.7023005706820236,23.090242945706198
2020-01-01,-19,11.830695426405711,5.24471235514451,1.551059210322471,22.11033164248895
2020-01-01,-18,7.9012845829579135,4.809576593587061,-1.5254855404727259,17.328054706388553
2020-01-01,-17,7.674563552734369,5.244796149721867,-2.60523690072049,17.95436400618923
2020-01-01,-16,4.850476742751173,5.0521933457377,-5.0518222148947185,14.752775700397065
2020-01-01,-15,8.946598644208272,4.998249457467946,-0.8499702924289014,18.743167580845444
2020-01-01,-14,4.712706196012384,5.994088792241242,-7.03570783678045,16.461120228805218
2020-01-01,-13,4.596966733350058,5.7839296568990495,-6.739535394172078,15.933468860872194
2020-01-01,-12,3.193220703970546,5.26164313855861,-7.119599847604329,13.506041255545421
2020-01-01,-11,7.397709844217761,4.149526631097379,-0.7353623527330999,15.530782041168623
2020-01-01,-10,10.218886862809383,4.6618377282544134,1.081684915430733,19.356088810188034
2020-01-01,-9,8.911801814691305,5.491734690434212,-1.8519981785597501,19.67560180794236
2020-01-01,-8,6.243123441970477,6.3787128946760125,-6.259153831594508,18.74540071553546
2020-01-01,-7,5.255636918934293,6.3702755890388625,-7.230103235581877,17.741377073450465
2020-01-01,-6,3.4769290434199434,6.2610828195304205,-8.79479328285968,15.748651369699568
2020-01-01,-5,3.63568349456952,6.289646760520886,-8.692024156051415,15.963391145190455
2020-01-01,-4,1.069675233571271,5.807054693985625,-10.312151966640554,12.451502433783096
2020-01-01,-3,0.6474152544040654,3.807843984737068,-6.815958955680587,8.110789464488718
2020-01-01,-2,-1.0197299414231695,2.30770873150102,-5.542839055165169,3.50337917231883
2020-01-01,0,0.8541400737314468,3.002163146263086,-5.0300996929442015,6.738379840407095
2020-01-01,1,4.207618865295753,5.476520174984654,-6.526360677674168,14.941598408265675
2020-01-01,2,6.486334780516103,7.3630757439466725,-7.945293677619375,20.91796323865158
2020-01-01,3,7.181581867401201,6.799271748915512,-6.144990760473203,20.508154495275605
2020-01-01,4,3.5474652617546,5.6795164764534904,-7.584387032094241,14.67931755560344
2020-01-01,5,0.9936580611092527,5.017509771920771,-8.84066109185546,10.827977214073965
2020-01-01,6,-1.2940009347373573,4.715464660974994,-10.536311670248345,7.94830980077363
2020-01-01,7,-4.604247641818986,3.7935317332610894,-12.03956983901072,2.8310745553727488
2020-01-01,8,-10.091688366781142,4.034394807480106,-17.999102189442148,-2.184274544120135
2020-01-01,9,-18.475485705662603,7.199379853009281,-32.586270217560795,-4.364701193764411
2020-01-01,10,-26.84302286215524,11.287542529375374,-48.96660621973098,-4.719439504579508
2020-01-01,11,-29.688138773469028,11.905046931589785,-53.022030759385004,-6.354246787553048
2020-01-01,12,-23.45086484411143,10.844524598716669,-44.7061330575961,-2.19559663062676
2020-01-01,13,-12.343343712650638,8.368761130556212,-28.746115528540813,4.059428103239538
2020-01-01,14,-4.700385417024201,7.880931936563303,-20.147012012688272,10.746241178639872
2020-01-01,15,-3.18457006092806,7.7751654949573785,-18.423894431044523,12.054754309188402
2020-01-01,16,-5.959044482018813,7.001180395984901,-19.68135805814922,7.7632690941115925
2020-01-01,17,-12.718967181196025,6.658429999722846,-25.7694899806528,0.33155561826075264
2020-01-01,18,-14.895196212958908,6.379364110940559,-27.398749870402405,-2.3916425555154124
2020-01-01,19,-21.33839171884809,6.588784429899482,-34.25240920145107,-8.424374236245106
2020-01-01,20,-21.647449273010324,6.793456137373515,-34.962623302262415,-8.332275243758234
2020-01-01,21,-26.70550927583247,7.477159088943371,-41.360741090161476,-12.050277461503462
2020-01-01,22,-22.688883724472234,9.097287235385124,-40.519566705827074,-4.85820074311739
2020-01-01,23,-20.76363358613704,9.157668914307166,-38.71266465817909,-2.814602514094993
2020-01-01,24,-18.374972604411056,8.963988500951727,-35.94439006627644,-0.8055551425456713
2020-01-01,25,-20.558307792883497,9.504147694386264,-39.18643727388057,-1.9301783118864186
2020-01-01,26,-20.709425775860765,11.050659515735367,-42.36871842670209,0.9498668749805539
2020-01-01,27,-15.633240848125553,11.440338090319658,-38.05630350515209,6.789821808900978
2020-01-01,28,-4.768524187324388,9.764646057264093,-23.90723045956201,14.370182084913235
2020-01-01,29,1.3951803855365768,9.300085431053041,-16.832987059327383,19.623347830400537
2020-01-01,30,2.7241765146961825,9.325085233044055,-15.552990542070166,21.00134357146253
2020-01-01,31,0.6920274863106215,9.99037948030972,-18.88911629509643,20.27317126771767
2020-01-01,32,-1.0678835650050473,10.803977211059424,-22.24367889868152,20.107911768671425
2020-01-01,33,-6.266274433118355,11.358566553912853,-28.529064878787548,15.996516012550838
2020-01-01,34,-6.255419303503118,9.724476268714845,-25.315392790184212,12.804554183177977
2020-01-01,35,-6.0600423183734335,9.336194111609037,-24.358982777127146,12.238898140380279
2020-01-01,36,-2.089854277160299,9.21999356742093,-20.161041669305323,15.981333114984725
2020-01-01,37,2.748486785048385,10.122336630330338,-17.091293010399077,22.588266580495848
2020-01-01,38,7.6326120723057045,11.559861499568912,-15.024716466849362,30.28994061146077
2020-01-01,39,16.346307245480375,11.914571144048884,-7.006252196855435,39.698866687816185
2020-01-01,40,18.25747123608491,12.944340563107225,-7.113436267605252,43.62837873977507
2020-01-01,41,22.68098895064108,15.159844857363664,-7.032306969791701,52.394284871073864
2020-01-01,42,21.515242701257932,16.746764661323734,-11.308416034936585,54.33890143745245
2020-01-01,43,22.95197389865197,16.96024894224429,-10.290114028146839,56.19406182545078
2020-01-01,44,18.763595562580576,15.663161800743064,-11.936201566875827,49.463392692036976
2020-01-01,45,11.085546386850297,13.472435373500456,-15.320426945210599,37.49151971891119
2020-01-01,46,4.069382364398393,12.56798799450103,-20.563874104823626,28.702638833620412
2020-01-01,47,7.96988115087828,10.971379125419489,-13.534021934943919,29.473784236700478
2020-01-01,48,13.568705147567016,11.848995661561302,-9.655326349093137,36.79273664422717
2020-01-01,49,20.505548636680828,13.841915948057691,-6.624606621512246,47.6357038948739
2020-01-01,50,19.72773802220439,14.61093229622053,-8.909689278387848,48.36516532279663
2020-01-01,51,21.91940082695703,15.641317646722738,-8.737581760619538,52.576383414533595
2020-01-01,52,24.48422494368924,16.619450981127702,-8.089898979321056,57.05834886669954
2020-01-01,53,30.729753803762037,17.97807724390971,-4.507277594300994,65.96678520182508
2020-01-01,54,31.114549343192607,18.168213257750242,-4.495148641997865,66.72424732838309
2020-01-01,55,25.75899651853223,17.226441919355658,-8.004829643404861,59.52282268046932
2020-01-01,56,16.16990922278643,16.049603347076104,-15.287313337482733,47.62713178305559
2020-01-01,57,16.106818653264384,13.667131544795808,-10.6807591745354,42.89439648106416
2020-01-01,58,13.00533917477702,13.112203436957591,-12.694579561659857,38.7052579112139
2020-01-01,59,11.130898351539486,13.859398894135479,-16.033523480966053,38.295320184045025
2020-01-01,60,11.350071215939806,14.198368874132493,-16.47873177735988,39.178874209239495
2020-01-01,61,20.6229820616079,14.820540175601792,-8.425276682571614,49.67124080578741
2020-01-01,62,26.93718253404768,16.290129348881795,-4.991470989760639,58.865836057856
2020-01-01,63,36.056634099459416,17.733581106837857,1.2988151300572142,70.81445306886161
2020-01-01,64,41.918728746430986,20.537706377930284,1.664824245687626,82.17263324717435
2020-01-01,65,40.09978269919782,20.84523344726531,-0.7568748574421917,80.95644025583783
2020-01-01,66,35.46040637336398,20.77518393933465,-5.258954147731934,76.1797668944599
2020-01-01,67,25.703256522975096,19.451323178826915,-12.421336907525657,63.82784995347585
